V1,V2,V3,V4,V5,V6,V7,V8,V9,V10,Q1.1_1,Q1.1_2,Q2.1,Q2.2_1,Q2.2_2,Q2.3_1,Q2.3_2,Q2.4_1,Q2.4_2,Q2.5_1,Q2.5_2,Q2.6_1,Q2.6_2,Q2.7_1,Q2.7_2,Q2.8_1,Q2.8_2,Q2.9_1,Q2.9_2,Q2.10_1,Q2.10_2,Q2.11_1,Q2.11_2,Q2.12_1,Q2.12_2,Q2.13_1,Q2.13_2,Q2.14_1,Q2.14_2,Q2.15_1,Q2.15_2,Q3.1_1,Q3.1_2,Q3.1_3,Q3.1_4,Q3.1_5,Q3.1_6,Q3.1_7,Q3.1_8,Q3.1_9,Q3.1_10,Q3.1_11,Q3.1_12,Q3.1_13,Q3.1_14,Q3.1_15,Q4.1_1,Q4.1_2,Q4.1_3,Q4.1_4,Q4.1_5,Q4.1_6,Q4.1_7,Q4.1_8,Q4.1_9,Q4.1_10,Q4.1_11,Q4.1_12,Q4.1_13,Q4.1_14,Q4.1_15,Q4.1_16,Q4.1_17,Q4.1_18,Q5.1,Q5.2,Q5.3,Q5.4,Q5.5,Q5.5_TEXT,Q5.6,Q5.6_TEXT,Q5.7,Q5.8,LocationLatitude,LocationLongitude,LocationAccuracy,
ResponseID,ResponseSet,Name,ExternalDataReference,EmailAddress,IPAddress,Status,StartDate,EndDate,Finished,"Thanks for your interest in taking part in our research! With this survey,  we’re interested in w...-I am 18 or older","Thanks for your interest in taking part in our research! With this survey,  we’re interested in w...-I consent to taking part in this research",You will now read brief descriptions of fourteen psychological tendencies and effects. After read...,Some people show a tendency to judge a harmful action as worse than an equally harmful inaction....-To what extent do YOU exhibit this tendency?,Some people show a tendency to judge a harmful action as worse than an equally harmful inaction....-To what extent does THE AVERAGE PERSON exhibit this tendency?,Psychologists have claimed that some people show a tendency to do or believe a thing only because...-To what extent do YOU exhibit this tendency?,Psychologists have claimed that some people show a tendency to do or believe a thing only because...-To what extent does THE AVERAGE PERSON exhibit this tendency?,Many psychological studies have shown that people react to counterevidence by actually strengthen...-To what extent do YOU exhibit this tendency?,Many psychological studies have shown that people react to counterevidence by actually strengthen...-To what extent does THE AVERAGE PERSON exhibit this tendency?,Psychologists have claimed that some people show a “disconfirmation” tendency in the way they eva...-To what extent do YOU exhibit this tendency?,Psychologists have claimed that some people show a “disconfirmation” tendency in the way they eva...-To what extent does THE AVERAGE PERSON exhibit this tendency?,"Psychologists have identified an effect called “diffusion of responsibility,” where people tend n...-To what extent do YOU exhibit this tendency?","Psychologists have identified an effect called “diffusion of responsibility,” where people tend n...-To what extent does THE AVERAGE PERSON exhibit this tendency?",Research has found that people will make irrational decisions to justify actions they have alread...-To what extent do YOU exhibit this tendency?,Research has found that people will make irrational decisions to justify actions they have alread...-To what extent does THE AVERAGE PERSON exhibit this tendency?,Psychologists have claimed that some people show a tendency to make “overly dispositional inferen...-To what extent do YOU exhibit this tendency?,Psychologists have claimed that some people show a tendency to make “overly dispositional inferen...-To what extent does THE AVERAGE PERSON exhibit this tendency?,Psychologists have claimed that some people show a “halo” effect in the way they form impressions...-To what extent do YOU exhibit this tendency?,Psychologists have claimed that some people show a “halo” effect in the way they form impressions...-To what extent does THE AVERAGE PERSON exhibit this tendency?,"Extensive psychological research has shown that people possess an unconscious, automatic tendency...-To what extent do YOU exhibit this tendency?","Extensive psychological research has shown that people possess an unconscious, automatic tendency...-To what extent does THE AVERAGE PERSON exhibit this tendency?","Psychologists have identified a tendency called the “ostrich effect,” an aversion to learning abo...-To what extent do YOU exhibit this tendency?","Psychologists have identified a tendency called the “ostrich effect,” an aversion to learning abo...-To what extent does THE AVERAGE PERSON exhibit this tendency?",Many psychological studies have found that people have the tendency to underestimate the impact o...-To what extent do YOU exhibit this tendency?,Many psychological studies have found that people have the tendency to underestimate the impact o...-To what extent does THE AVERAGE PERSON exhibit this tendency?,Psychologists have claimed that some people show a “self-interest” effect in the way they view po...-To what extent do YOU exhibit this tendency?,Psychologists have claimed that some people show a “self-interest” effect in the way they view po...-To what extent does THE AVERAGE PERSON exhibit this tendency?,Psychologists have claimed that some people show a “self-serving” tendency in the way they view t...-To what extent do YOU exhibit this tendency?,Psychologists have claimed that some people show a “self-serving” tendency in the way they view t...-To what extent does THE AVERAGE PERSON exhibit this tendency?,Psychologists have argued that gender biases lead people to associate men with technology and wom...-To what extent do YOU exhibit this tendency?,Psychologists have argued that gender biases lead people to associate men with technology and wom...-To what extent does THE AVERAGE PERSON exhibit this tendency?,"There is often debate about whether or not the public is told the whole truth about various impor...-The government is involved in the murder of innocent citizens and/or well-known public figures, and keeps this a secret",There is often debate about whether or not the public is told the whole truth about various impor...-The power held by heads of state is second to that of small unknown groups who really control world politics,"There is often debate about whether or not the public is told the whole truth about various impor...-Secret organisations communicate with extraterrestrials, but keep this fact from the public","There is often debate about whether or not the public is told the whole truth about various impor...-The spread of certain viruses and/or diseases is the result of the deliberate, concealed efforts of some organisation","There is often debate about whether or not the public is told the whole truth about various impor...-Groups of scientists manipulate, fabricate, or suppress evidence in order to deceive the public","There is often debate about whether or not the public is told the whole truth about various impor...-The government permits or perpetrates acts of terrorism on its own soil, disguising its involvement","There is often debate about whether or not the public is told the whole truth about various impor...-A small, secret group of people is responsible for making all major world decisions, such as going to war",There is often debate about whether or not the public is told the whole truth about various impor...-Evidence of alien contact is being concealed from the public,There is often debate about whether or not the public is told the whole truth about various impor...-Technology with mind-control capacities is used on people without their knowledge,There is often debate about whether or not the public is told the whole truth about various impor...-New and advanced technology which would harm current industry is being suppressed,There is often debate about whether or not the public is told the whole truth about various impor...-The government uses people as patsies to hide its involvement in criminal activity,There is often debate about whether or not the public is told the whole truth about various impor...-Certain significant events have been the result of the activity of a small group who secretly manipulate world events,There is often debate about whether or not the public is told the whole truth about various impor...-Some UFO sightings and rumours are planned or staged in order to distract the public from real alien contact,There is often debate about whether or not the public is told the whole truth about various impor...-Experiments involving new drugs or technologies are routinely carried out on the public without their knowledge or consent,There is often debate about whether or not the public is told the whole truth about various impor...-A lot of important information is deliberately concealed from the public out of self-interest,Below are listed 18 personal statements. Please read each statement and select the response that...-I believe in the existence of extrasensory perception (ESP).,Below are listed 18 personal statements. Please read each statement and select the response that...-I believe I have had personal experience of ESP.,Below are listed 18 personal statements. Please read each statement and select the response that...-I believe I am psychic.,"Below are listed 18 personal statements. Please read each statement and select the response that...-I believe that it is possible to gain information about the future before it happens, in ways that do not depend on rational prediction or normal sensory channels.",Below are listed 18 personal statements. Please read each statement and select the response that...-I have had at least one hunch that turned out to be correct and which (I believe) was not just a coincidence.,Below are listed 18 personal statements. Please read each statement and select the response that...-I have had at least one premonition about the future that came true and which (I believe) was not just a coincidence.,Below are listed 18 personal statements. Please read each statement and select the response that...-I have had at least one dream that came true and which (I believe) was not just a coincidence.,Below are listed 18 personal statements. Please read each statement and select the response that...-I have had at least one vision that was not an hallucination and from which I received information that I could not have otherwise gained at that time and place.,Below are listed 18 personal statements. Please read each statement and select the response that...-I believe in life after death.,Below are listed 18 personal statements. Please read each statement and select the response that...-I believe that some people can contact spirits of the dead.,"Below are listed 18 personal statements. Please read each statement and select the response that...-I believe that it is possible to gain information about the thoughts, feelings or circumstances of another person, in a way that does not depend on rational prediction or normal sensory channels.","Below are listed 18 personal statements. Please read each statement and select the response that...-I believe that it is possible to send a “mental message” to another person, or in some way influence them at a distance, by means other than the normal channels of communication.",Below are listed 18 personal statements. Please read each statement and select the response that...-I believe I have had at least one experience of telepathy between myself and another person.,"Below are listed 18 personal statements. Please read each statement and select the response that...-I believe in the existence of psychokinesis (or “PK”), that is, the direct influence of mind on a physical system, without the mediation of any known physical energy.",Below are listed 18 personal statements. Please read each statement and select the response that...-I believe I have personally exerted PK on at least one occasion.,Below are listed 18 personal statements. Please read each statement and select the response that...-I believe I have marked psychokinetic ability.,"Below are listed 18 personal statements. Please read each statement and select the response that...-I believe that, on at least one occasion, an inexplicable (but non-recurrent) physical event of an apparently psychokinetic origin has occurred in my presence.","Below are listed 18 personal statements. Please read each statement and select the response that...-I believe that persistent inexplicable physical disturbances, of an apparently psychokinetic origin, have occurred in my presence at some time in the past (as, for example, a poltergeist).","Finally, please answer a few questions about yourself.",Gender,Age (in years),Your nationality,"Are you currently enrolled in a university or college? If so, at what level of study?","Are you currently enrolled in a university or college? If so, at what level of study?-TEXT",What is the highest level of education you have completed?,What is the highest level of education you have completed?-TEXT,Have you studied (or are you currently studying) psychology?,Did you answer the questions in this survey honestly?,LocationLatitude,LocationLongitude,LocationAccuracy,
R_2CCWTuykYeDZkh0,Default Response Set,Anonymous,,,,1,2016-03-07 17:03:06,2016-03-07 17:12:45,1,1,1,1,5,6,3,5,5,6,5,7,3,6,6,6,3,6,6,6,3,5,5,6,5,6,3,6,5,6,5,6,1,1,1,1,2,1,1,1,1,1,1,1,1,1,1,1,1,1,1,1,1,1,1,1,1,1,1,1,1,1,1,1,1,1,1,59,British,1,,4,,1,1,51.514205932617,-0.093093872070312,-1,
R_3g0LD1HeyVG43ET,Default Response Set,Anonymous,,,,1,2016-03-07 17:35:10,2016-03-07 17:43:54,1,1,1,1,2,2,3,3,5,5,5,5,4,4,5,5,2,2,5,5,2,2,1,1,2,3,6,6,4,5,1,2,1,2,1,1,2,2,2,1,1,2,3,4,1,2,3,1,1,1,1,2,2,2,2,1,1,2,1,1,1,2,1,1,1,1,2,37,Scottish Ax,1,,3,,2,1,51.345001220703,0.73849487304688,-1,
R_2TOkcKmE0RNUb9A,Default Response Set,Anonymous,,,,1,2016-03-07 17:36:19,2016-03-07 17:48:05,1,1,1,1,2,6,2,6,6,6,6,7,4,7,1,5,1,6,3,5,1,6,5,6,2,6,5,7,5,6,1,5,4,2,1,2,2,5,2,1,1,5,4,4,1,1,5,1,1,1,1,1,1,1,1,1,3,1,1,3,1,1,1,1,1,1,2,19,British ,2,,1,,1,1,51.514404296875,-0.094100952148438,-1,
R_1DpNrJhpPNRWP3x,Default Response Set,Anonymous,,,,1,2016-03-07 17:57:38,2016-03-07 18:05:24,1,1,1,1,5,6,2,5,4,5,4,4,5,5,6,5,3,2,2,5,4,4,5,5,3,3,,,2,5,3,5,2,1,1,1,2,2,1,1,1,2,2,1,1,2,1,1,1,1,1,2,2,2,1,2,1,1,1,1,1,1,1,1,1,1,2,24,Spanish,2,,3,,1,1,51.514404296875,-0.094100952148438,-1,
R_3RlOG2zcai8Ndxn,Default Response Set,Anonymous,,,,1,2016-03-07 17:43:56,2016-03-07 18:12:35,1,1,1,1,5,5,2,6,5,6,5,5,1,6,5,4,2,5,1,6,1,5,5,7,1,6,6,5,3,6,1,6,2,4,1,2,4,1,2,4,1,3,4,2,4,1,5,2,2,1,3,3,3,3,1,2,3,3,1,1,1,1,1,1,3,1,2,24,English ,2,,1,,1,1,51.5,-0.1300048828125,-1,
R_1IGUhcwsa9d8F8T,Default Response Set,Anonymous,,,213.205.251.225,0,2016-03-07 18:00:30,2016-03-07 18:12:53,1,1,1,1,5,6,2,4,3,6,2,6,6,5,2,6,5,6,2,4,5,6,5,5,6,5,4,6,4,5,2,6,2,1,1,1,1,1,1,2,1,1,2,1,2,1,4,1,1,1,1,1,1,1,1,1,1,1,1,1,1,1,1,1,1,1,1,49,British ,1,,3,,2,1,51.514404296875,-0.094100952148438,-1,
R_24dAtZwkZtJppYe,Default Response Set,Anonymous,,,84.92.112.182,0,2016-03-07 18:09:09,2016-03-07 18:17:55,1,1,1,1,4,6,1,6,1,7,2,5,4,6,5,5,2,6,1,6,1,5,1,5,4,5,2,5,4,4,1,6,1,3,1,1,1,1,1,1,1,1,2,1,1,3,4,1,1,1,1,1,1,1,1,1,1,1,1,1,1,1,1,1,1,1,1,55,British ,1,,3,,2,1,51.514404296875,-0.094100952148438,-1,
R_2AFtn3myqCQ4a5G,Default Response Set,Anonymous,,,2.97.50.77,0,2016-03-07 18:24:41,2016-03-07 18:30:50,1,1,1,1,4,4,4,4,5,6,4,5,6,7,5,5,4,5,7,7,6,6,5,5,4,3,4,4,4,4,2,5,4,4,5,3,3,4,4,5,3,4,3,3,4,3,4,1,1,1,1,1,1,1,1,1,1,3,1,1,1,1,1,1,1,1,1,26,British,1,,3,,1,1,52.990905761719,-2.1802062988281,-1,
R_pMjV5OpGnpDfrhL,Default Response Set,Anonymous,,,143.106.84.125,0,2016-03-07 18:23:05,2016-03-07 18:32:45,1,1,1,1,5,5,1,3,4,6,4,5,6,6,6,5,2,5,6,6,3,5,3,4,6,5,6,6,4,6,4,6,2,2,1,1,1,2,1,1,1,2,2,3,1,2,4,1,1,1,1,1,1,1,1,1,1,1,1,1,1,1,1,1,1,1,1,45,Brazilian,1,,2,,2,1,-22.899993896484,-47.083297729492,-1,
R_1EZhbqbmc5e3VXH,Default Response Set,Anonymous,,,86.136.84.193,0,2016-03-07 18:21:25,2016-03-07 18:33:03,1,1,1,1,4,4,2,3,2,3,3,3,1,3,1,2,1,1,3,3,2,2,1,3,2,3,5,5,3,3,2,4,3,3,2,2,3,2,2,2,2,3,4,2,2,2,3,2,1,1,2,2,2,2,1,2,2,2,2,2,2,1,1,1,1,1,2,46,Danish,1,,2,,1,1,51.600006103516,0.016693115234375,-1,
R_2S2kpm8TvNfGkRL,Default Response Set,Anonymous,,,70.196.200.129,0,2016-03-07 18:25:12,2016-03-07 18:36:56,1,1,,1,1,1,1,3,4,4,1,5,1,4,2,3,2,4,1,4,1,2,1,4,3,3,6,6,2,2,1,2,4,3,3,2,2,3,3,3,2,4,3,2,2,4,4,3,3,1,2,2,3,3,3,1,1,2,2,2,2,1,1,2,2,1,2,41,American,3,,2,,1,1,39.742706298828,-105.11869812012,-1,
R_1eze4KbJEvN7M1Q,Default Response Set,Anonymous,,,,1,2016-03-07 18:23:29,2016-03-07 18:37:48,1,1,,1,4,7,1,7,3,7,3,7,3,7,2,7,2,6,4,7,4,7,3,7,4,7,3,7,2,6,2,7,4,2,2,1,2,3,2,2,3,2,4,2,2,2,1,2,2,2,2,2,2,2,2,2,2,2,2,2,2,2,2,2,2,1,1,51,USA,1,,1,,2,1,42.367904663086,-83.138603210449,-1,
R_2rCaGzbHlFJJdCx,Default Response Set,Anonymous,,,161.76.23.128,0,2016-03-07 18:33:29,2016-03-07 18:39:20,1,1,1,1,2,4,4,4,4,5,4,4,2,4,4,4,2,4,3,5,3,5,2,4,3,5,2,4,2,4,2,4,2,1,1,1,4,1,1,1,1,2,3,1,1,3,4,1,1,1,1,1,1,1,1,1,1,1,1,1,1,1,1,1,1,1,2,54,British,1,,4,,1,1,51.514205932617,-0.093093872070312,-1,
R_2Ua46HDVeik0E76,Default Response Set,Anonymous,,,90.201.89.223,0,2016-03-07 18:30:59,2016-03-07 18:40:17,1,1,1,1,5,5,5,6,4,4,6,5,3,5,4,4,2,3,5,6,3,4,4,5,4,5,3,5,4,5,4,5,1,1,2,2,2,1,1,1,1,1,1,1,2,1,4,1,1,1,1,1,1,1,1,2,1,1,1,1,1,1,1,1,1,1,1,44,British ,1,,3,,1,1,52.188507080078,-2.2469940185547,-1,
R_eEi4xBa9uplx3cR,Default Response Set,Anonymous,,,134.147.174.90,0,2016-03-07 18:38:48,2016-03-07 18:52:34,1,1,1,1,4,4,3,6,5,5,3,5,5,5,4,4,4,3,5,5,3,3,6,3,6,5,5,5,2,3,5,5,4,2,2,2,4,2,2,2,2,2,4,2,2,2,4,1,1,1,1,1,1,1,1,2,1,1,1,1,1,1,1,1,1,1,1,28,British,,,4,,2,1,51.449996948242,7.0166931152344,-1,
R_3EmNeZFYsS156X7,Default Response Set,Anonymous,,,82.44.82.208,0,2016-03-07 18:43:23,2016-03-07 18:52:40,1,1,1,1,5,5,1,5,6,7,5,7,6,6,6,6,2,5,1,3,3,4,1,3,2,3,7,7,1,5,2,5,4,2,3,5,5,3,2,4,3,3,4,2,4,4,5,3,3,2,3,3,3,1,1,2,3,3,3,3,3,1,1,3,3,1,2,43,British,1,,1,,2,1,51.399993896484,-0.16670227050781,-1,
R_6L5g1d6qrpAHSNj,Default Response Set,Anonymous,,,77.96.101.125,0,2016-03-07 18:37:17,2016-03-07 18:54:21,1,1,1,1,1,4,1,5,2,4,6,6,2,2,5,5,2,2,2,5,2,2,5,3,2,6,5,5,3,4,2,4,2,2,1,1,2,1,1,1,1,3,2,2,1,2,5,1,1,1,1,3,1,1,1,1,1,1,1,1,1,1,1,1,1,1,2,48,British,1,,2,,2,1,51.169494628906,0.23689270019531,-1,
R_2frmrgbV5vibbDG,Default Response Set,Anonymous,,,88.111.155.98,0,2016-03-07 18:46:05,2016-03-07 18:55:23,1,1,1,1,5,5,4,2,3,4,5,5,4,4,5,5,3,3,4,3,4,4,6,4,3,4,3,6,5,5,5,5,2,2,2,2,4,3,2,2,2,2,3,2,2,3,4,2,2,1,2,3,2,2,1,1,1,2,2,2,1,1,1,1,1,1,2,38,British,1,,2,,1,1,51.645706176758,-0.77589416503906,-1,
R_spsaxC8a5Zk1QDT,Default Response Set,Anonymous,,,189.2.98.98,0,2016-03-07 18:43:37,2016-03-07 18:55:48,1,1,1,1,6,6,4,4,4,6,5,4,6,5,4,4,6,5,3,5,6,6,6,5,1,4,4,5,2,4,2,4,1,1,1,2,2,1,1,1,1,1,1,1,1,3,2,1,1,1,1,1,1,2,1,1,1,1,1,1,1,1,1,1,1,1,1,19,Brazillian,1,,1,,2,1,-23.516693115234,-46.88330078125,-1,
R_1CviosDpYr5AXfD,Default Response Set,Anonymous,,,86.166.172.74,0,2016-03-07 18:44:36,2016-03-07 18:56:32,1,1,1,1,2,4,1,5,2,4,3,3,2,5,3,4,2,4,4,5,5,6,2,5,2,4,4,4,2,5,4,5,4,3,3,4,3,4,3,3,4,4,4,3,3,4,4,2,1,1,1,2,2,2,1,2,1,2,1,1,2,1,,1,1,1,2,43,Japanese,1,,3,,1,1,51.514404296875,-0.094100952148438,-1,
R_1JQk15h1jj8yfdO,Default Response Set,Anonymous,,,81.145.234.243,0,2016-03-07 18:27:04,2016-03-07 18:58:45,1,1,1,1,2,6,3,4,2,6,7,5,2,6,3,5,3,6,6,6,5,6,6,4,2,7,2,6,2,5,4,7,4,2,1,2,4,2,2,2,2,3,3,2,2,2,4,1,1,1,1,2,1,1,1,1,1,1,1,1,1,1,1,2,1,1,1,34,British,1,,1,,2,1,51.514404296875,-0.094100952148438,-1,
R_1jOHPGEWTDwZEFk,Default Response Set,Anonymous,,,80.7.116.154,0,2016-03-07 18:53:47,2016-03-07 19:02:08,1,1,1,1,4,5,1,4,2,5,2,4,2,2,4,4,2,5,5,7,2,4,1,5,2,5,2,3,2,4,2,7,2,4,1,3,4,3,1,1,1,3,2,2,1,1,2,3,3,1,2,2,1,1,1,2,1,3,3,3,1,1,1,1,1,1,2,41,British,1,,4,,1,1,54.015106201172,-1.1934051513672,-1,
R_elgaFzy9RZrjOSZ,Default Response Set,Anonymous,,,166.176.184.8,0,2016-03-07 18:48:35,2016-03-07 19:10:48,1,1,1,1,2,5,2,5,3,6,1,3,1,6,5,5,2,4,3,6,2,7,3,6,2,6,1,6,2,7,1,5,2,2,1,1,2,2,1,1,1,3,1,1,2,4,2,1,1,1,1,1,1,1,1,1,1,1,1,1,1,1,1,1,1,1,2,47,Belgian,1,,4,,2,1,47.606201171875,-122.33209991455,-1,
R_2DZEDODtJ6wegvL,Default Response Set,Anonymous,,,81.158.209.28,0,2016-03-07 19:11:21,2016-03-07 19:18:27,1,1,1,1,2,4,3,4,4,5,5,4,4,3,5,4,3,4,3,4,4,4,2,2,4,4,4,5,2,4,5,6,2,2,2,1,4,2,1,2,2,4,3,2,2,2,4,3,3,3,3,3,3,3,3,2,2,3,3,3,3,1,1,3,3,1,2,51,British,1,,3,,2,1,51.452102661133,-0.061492919921875,-1,
R_87b2e1vbW9RrTS9,Default Response Set,Anonymous,,,82.153.106.42,0,2016-03-07 19:16:36,2016-03-07 19:30:18,1,1,1,1,,,4,4,3,5,4,4,6,6,6,6,4,3,4,5,3,3,2,3,6,5,4,4,6,6,5,5,2,2,1,4,1,2,2,1,1,3,2,5,1,5,5,1,1,1,1,3,3,3,1,1,1,1,2,1,1,1,1,1,1,1,1,60,UK,1,,2,,2,1,51.5,-0.1300048828125,-1,
R_3OcskDT34Ll1oF0,Default Response Set,Anonymous,,,90.220.102.181,0,2016-03-07 19:20:27,2016-03-07 19:35:23,1,1,1,1,4,5,3,5,4,5,4,5,2,5,3,4,1,2,3,4,1,2,5,5,3,3,5,5,3,4,1,2,3,1,1,2,4,2,1,2,1,3,3,1,2,2,4,1,1,1,1,2,1,1,1,1,1,1,1,1,1,1,1,1,1,1,2,37,British ,1,,3,,1,1,51.514404296875,-0.094100952148438,-1,
R_20S6hIulWRnSV7d,Default Response Set,Anonymous,,,,1,2016-03-07 19:35:47,2016-03-07 19:42:59,1,1,1,1,4,4,4,5,5,6,5,5,5,5,6,6,4,5,5,5,5,5,5,5,4,5,5,5,4,5,3,4,2,2,2,2,2,2,2,2,2,2,2,2,2,2,2,2,1,1,2,2,1,1,1,2,1,2,2,1,2,1,1,1,1,1,2,43,British,1,,2,,2,1,52.222793579102,0.1304931640625,-1,
R_r8Af0NRrfMreFSp,Default Response Set,Anonymous,,,146.198.227.180,0,2016-03-07 19:39:19,2016-03-07 19:48:41,1,1,1,1,2,5,1,7,1,7,2,4,1,7,2,6,3,4,1,7,7,2,1,7,2,4,7,7,2,5,7,7,4,5,1,5,5,5,5,1,5,5,5,5,1,5,5,3,3,3,3,3,3,3,3,1,1,3,2,2,1,1,1,1,1,1,1,66,US,1,,3,,1,1,51.514404296875,-0.094100952148438,-1,
R_2pVIuJAesn5FeGe,Default Response Set,Anonymous,,,86.145.11.56,0,2016-03-07 19:53:25,2016-03-07 20:04:46,1,1,1,1,3,4,2,6,5,5,5,5,3,5,5,6,4,4,5,6,3,5,5,5,4,6,2,6,2,5,2,6,4,3,2,2,4,3,3,2,2,3,2,3,2,2,4,1,1,1,3,1,3,3,1,3,2,1,1,1,1,1,1,3,1,1,2,55,British,1,,2,,2,1,52.771606445312,-1.55029296875,-1,
R_3GdhNTGTRSNmp27,Default Response Set,Anonymous,,,50.168.71.2,0,2016-03-07 19:28:10,2016-03-07 20:07:41,1,1,1,1,6,7,5,7,5,6,6,6,4,6,6,4,3,6,5,7,5,6,6,5,3,5,6,6,5,6,2,5,4,5,3,4,3,4,4,4,2,4,4,4,3,4,5,2,2,1,1,3,3,2,3,3,2,3,3,3,1,1,1,1,2,1,2,65,Anglo Saxon,1,,1,,1,1,37.285202026367,-121.9887008667,-1,
R_cXP1EgPhaMjKEF3,Default Response Set,Anonymous,,,87.115.88.167,0,2016-03-07 19:56:54,2016-03-07 20:09:20,1,1,,1,4,4,1,6,1,4,5,3,6,6,1,5,3,5,4,6,4,4,2,3,2,4,5,7,2,3,1,3,4,4,1,3,4,3,4,2,4,4,3,3,2,3,5,2,1,1,1,2,2,1,1,1,1,2,2,3,2,1,1,2,2,1,2,63,English,1,,3,,2,1,51.5,-0.1300048828125,-1,
R_vOm6J08LTk8Becp,Default Response Set,Anonymous,,,86.189.148.71,0,2016-03-07 20:08:24,2016-03-07 20:16:06,1,1,1,1,2,3,3,5,5,5,4,4,4,5,1,5,1,4,3,5,3,5,2,4,4,5,2,4,3,6,2,4,2,1,1,1,2,2,1,1,1,4,2,1,1,1,5,1,1,1,1,3,1,2,1,1,1,3,1,1,1,1,1,1,1,1,1,55,uk,1,,2,,2,1,51.06950378418,-0.36140441894531,-1,
R_1NbueIFezxHyeHz,Default Response Set,Anonymous,,,176.251.0.163,0,2016-03-07 20:14:11,2016-03-07 20:17:15,1,1,,1,1,1,1,1,1,1,1,1,1,1,1,1,1,1,1,5,1,1,1,1,1,1,1,1,1,1,1,1,1,1,1,1,1,1,1,1,1,1,1,1,1,1,1,1,1,1,1,1,1,1,1,1,1,1,1,1,1,1,1,1,1,1,4,1,Welsh,1,,1,,2,1,51.514404296875,-0.094100952148438,-1,
R_1EgRecNcDaZuhQQ,Default Response Set,Anonymous,,,77.99.180.62,0,2016-03-07 20:39:45,2016-03-07 20:48:18,1,1,1,1,5,5,5,3,6,5,6,6,7,4,5,4,2,4,4,5,4,4,5,4,5,6,4,5,5,5,2,4,2,1,1,1,2,2,1,1,1,1,1,1,1,2,3,1,1,1,1,1,1,1,1,2,1,1,1,1,1,1,1,1,1,1,2,35,British ,1,,3,,2,1,51.451904296875,0.17919921875,-1,
R_2786hNjaW89MWFj,Default Response Set,Anonymous,,,86.152.152.222,0,2016-03-07 20:45:52,2016-03-07 20:53:36,1,1,1,1,3,5,3,6,3,6,3,5,4,5,5,5,2,5,5,5,4,4,4,5,5,6,4,6,3,5,4,7,4,1,1,1,4,3,1,1,1,3,2,1,1,1,5,2,1,1,1,1,1,1,1,1,1,1,1,1,2,,1,3,1,1,2,32,British,1,,3,,2,1,51.514404296875,-0.094100952148438,-1,
R_1pFGvs0efBBZojM,Default Response Set,Anonymous,,,86.177.77.47,0,2016-03-07 20:52:32,2016-03-07 20:58:17,1,1,1,1,3,4,2,4,2,4,3,4,4,4,4,5,3,4,5,5,3,4,2,4,6,4,2,3,2,3,3,5,1,1,1,1,1,1,1,1,1,4,1,1,1,3,4,1,1,1,1,1,1,1,1,1,1,1,1,1,1,1,1,1,1,1,1,29,British,4,,3,,1,1,51.430694580078,-0.16470336914062,-1,
R_1i3rOerzKO2MjBF,Default Response Set,Anonymous,,,121.72.249.44,0,2016-03-07 21:05:23,2016-03-07 21:16:39,1,1,,1,4,5,3,6,2,6,6,6,6,6,5,5,4,4,6,5,6,5,3,6,3,5,4,5,6,4,2,5,1,3,1,1,4,4,2,1,1,2,1,1,1,1,4,1,1,1,1,1,1,1,1,1,1,1,1,1,1,1,1,1,1,1,2,44,British,1,,3,,2,1,-43.555892944336,172.66891479492,-1,
R_39SClMmzH8ya5pv,Default Response Set,Anonymous,,,5.64.12.251,0,2016-03-07 21:21:47,2016-03-07 21:28:45,1,1,1,1,2,5,6,4,3,6,2,4,1,,3,4,4,4,5,5,1,2,5,5,4,3,6,6,4,6,1,2,2,2,1,1,4,2,1,2,1,2,3,3,1,2,5,1,1,1,1,1,1,1,1,2,1,1,1,1,1,,,1,1,1,1,30,Scot,,,4,,1,1,55.83219909668,-4.2575988769531,-1,
R_2rMVLiI32cqbhfl,Default Response Set,Anonymous,,,78.145.19.101,0,2016-03-07 21:14:59,2016-03-07 21:29:33,1,1,1,1,6,6,6,4,2,4,5,5,4,3,6,4,3,2,7,5,1,1,5,4,3,3,5,5,4,3,1,2,4,2,1,1,3,4,1,2,2,4,5,2,1,2,5,1,1,1,1,1,1,1,2,1,1,1,1,1,1,1,1,3,3,1,1,49.5,nz,1,,2,,1,1,51.514404296875,-0.094100952148438,-1,
R_3MzIz3NB6fWjVxA,Default Response Set,Anonymous,,,82.12.247.211,0,2016-03-07 21:41:14,2016-03-07 21:52:52,1,1,1,1,3,,4,4,2,5,4,6,5,7,2,6,1,2,3,6,3,4,4,5,3,5,4,7,4,6,1,3,4,5,1,3,4,5,4,2,2,4,5,4,2,4,5,2,1,1,1,2,2,1,1,1,2,2,2,1,2,1,1,1,1,1,2,44,british,1,,2,,1,1,51.514404296875,-0.094100952148438,-1,
R_278dmKyVaz60qWt,Default Response Set,Anonymous,,,86.182.182.73,0,2016-03-07 21:56:32,2016-03-07 22:10:43,1,1,1,1,1,3,5,4,5,5,7,5,3,3,3,3,1,3,3,3,1,3,6,5,2,3,2,2,4,4,1,5,2,2,2,2,2,2,2,2,2,4,2,4,2,1,5,1,1,1,1,1,1,1,1,2,1,1,2,1,1,1,1,1,1,1,2,42,British,4,,3,,2,1,51.149307250977,-0.97470092773438,-1,
R_1rfrHRPAzODIni7,Default Response Set,Anonymous,,,,1,2016-03-07 22:54:02,2016-03-07 23:03:08,1,1,1,1,2,2,2,5,2,4,5,6,2,2,2,3,3,3,4,5,1,1,5,5,5,5,5,6,5,5,2,3,2,2,1,4,3,1,1,1,1,3,2,3,1,1,4,2,1,1,1,1,1,1,1,1,1,1,2,1,1,1,1,2,1,1,2,20,Croatian,2,,1,,1,1,51.514404296875,-0.094100952148438,-1,
R_TbKy6oHTEsiEpoZ,Default Response Set,Anonymous,,,82.39.136.20,0,2016-03-07 22:54:19,2016-03-07 23:06:56,1,1,1,1,4,,4,4,4,4,4,4,4,4,3,4,3,6,3,4,3,5,4,4,3,5,3,5,4,4,4,4,2,2,1,2,2,2,2,2,1,2,2,2,2,1,2,1,1,1,1,1,1,1,1,2,1,1,1,1,1,1,1,1,1,1,2,44,british,1,,2,,1,1,51.475692749023,0.3251953125,-1,
R_3Oe2r2xVAvS45nR,Default Response Set,Anonymous,,,86.131.1.57,0,2016-03-07 23:28:57,2016-03-07 23:40:34,1,1,1,1,4,4,1,3,1,4,2,4,4,4,2,4,2,4,1,3,1,4,2,4,1,4,3,4,2,4,1,4,3,3,3,3,3,3,3,4,3,4,4,3,3,4,4,2,2,1,1,3,2,2,1,2,1,2,2,3,2,1,1,1,1,1,2,,,1,,,,2,1,51.483306884766,0.083297729492188,-1,
R_1GZCl3QgPojYFQs,Default Response Set,Anonymous,,,,1,2016-03-08 00:05:37,2016-03-08 00:26:03,1,1,1,1,7,6,1,5,3,5,5,4,4,4,4,4,1,3,3,6,2,3,4,4,5,6,5,6,3,4,2,3,5,4,2,4,4,5,4,2,2,3,4,4,2,4,5,2,1,1,3,3,1,3,3,3,3,3,3,3,3,1,1,1,1,1,2,46,British,1,,1,,2,1,51.514404296875,-0.094100952148438,-1,
R_2VxBfY1fbOgB7rj,Default Response Set,Anonymous,,,79.65.242.199,0,2016-03-07 21:24:42,2016-03-08 01:52:47,1,1,,1,4,4,4,6,2,5,4,6,4,6,4,4,2,4,2,2,2,4,1,6,6,7,5,6,1,6,1,5,4,4,3,3,4,3,3,2,2,4,4,3,2,3,4,2,1,1,1,1,,2,2,2,1,2,2,1,2,1,1,2,2,1,2,33,British,5,VOcational,2,,1,1,51.514404296875,-0.094100952148438,-1,
R_2to5jhPmfV6kegW,Default Response Set,Anonymous,,,86.24.166.49,0,2016-03-08 04:16:19,2016-03-08 04:24:56,1,1,1,1,4,4,1,5,3,5,5,6,1,7,6,5,1,6,5,5,1,4,6,4,2,6,2,6,1,6,3,5,2,1,1,1,1,1,1,1,1,3,4,1,1,2,4,1,1,1,1,1,1,1,1,1,1,1,1,1,1,1,1,1,1,1,2,47,British ,3,,2,,2,1,51.404602050781,-0.25079345703125,-1,
R_cvdshwWjFf8KLE9,Default Response Set,Anonymous,,,92.24.129.216,0,2016-03-08 04:59:53,2016-03-08 05:22:12,1,1,1,1,4,5,2,6,5,7,1,2,2,4,6,6,4,3,5,7,4,5,2,5,5,5,4,6,3,5,7,5,3,3,1,1,3,2,2,2,3,3,3,3,1,2,5,1,1,1,1,3,1,1,1,1,1,1,1,1,3,1,1,2,1,1,1,52,brit,1,,2,,1,1,52.071304321289,1.1443939208984,-1,
R_217CUUbxt25v9KL,Default Response Set,Anonymous,,,134.228.10.24,0,2016-03-08 05:52:51,2016-03-08 06:03:56,1,1,1,1,3,3,4,5,2,6,5,5,3,3,4,4,2,5,6,6,3,5,2,3,3,5,5,5,3,5,5,6,3,2,2,1,2,2,2,2,2,2,3,2,2,3,4,1,1,1,1,1,1,1,1,1,1,1,1,2,1,1,1,1,1,1,1,35,American,1,,1,,2,1,41.649993896484,-83.674102783203,-1,
R_cVfVLqoTGlfWQcJ,Default Response Set,Anonymous,,,92.24.129.216,0,2016-03-08 05:25:02,2016-03-08 06:06:05,1,1,1,1,,,4,4,4,4,,,,,4,4,,,,,,,,,,,4,4,,,4,4,,,,,,,,,,,,,,,,,,,,,,,,,,,,,,,,,,1,1,,,,,,,,1,52.071304321289,1.1443939208984,-1,
R_2wn2tIkFV2ac07n,Default Response Set,Anonymous,,,49.199.13.68,0,2016-03-08 06:14:46,2016-03-08 06:29:32,1,1,1,1,6,5,5,5,4,6,6,5,2,3,3,4,2,2,6,5,7,4,6,4,6,6,6,6,5,5,2,5,2,2,1,1,3,2,1,1,1,2,2,1,1,1,3,1,1,1,1,2,1,2,1,1,1,1,1,1,2,1,1,1,1,1,1,28,Irish,2,,2,,2,1,-37.813995361328,144.96328735352,-1,
R_22ROfROJgIAbe0U,Default Response Set,Anonymous,,,86.13.200.36,0,2016-03-08 06:41:23,2016-03-08 06:48:06,1,1,1,1,5,4,7,5,5,4,5,5,6,5,6,4,4,4,6,5,6,6,6,5,5,5,5,5,3,4,4,4,2,2,2,2,2,2,2,2,2,2,2,2,1,2,4,2,2,1,2,2,1,1,2,3,2,3,2,2,2,2,1,3,2,1,2,30,British,1,,3,,2,1,51.805801391602,-0.80599975585938,-1,
R_2CPUF6nLv2XxfnQ,Default Response Set,Anonymous,,,82.14.218.74,0,2016-03-08 07:14:43,2016-03-08 07:25:16,1,1,,1,1,3,2,5,2,4,2,4,6,6,2,4,3,4,6,6,3,4,5,6,6,6,6,6,6,6,2,4,2,2,2,2,2,2,2,2,2,2,4,2,2,2,4,1,1,1,1,1,1,1,1,2,1,1,,1,1,1,1,1,1,1,1,55,British,1,,5,Diploma,2,1,51.350006103516,-0.033294677734375,-1,
R_1hLpudwRAtQBYdN,Default Response Set,Anonymous,,,81.157.218.159,0,2016-03-08 07:18:23,2016-03-08 07:27:03,1,1,1,1,4,4,2,3,3,4,5,4,3,3,3,4,2,2,4,4,2,2,3,3,4,5,3,6,3,4,2,3,3,1,2,2,3,1,1,1,1,2,3,2,1,2,4,2,2,2,3,3,3,3,3,2,2,3,3,3,2,2,1,2,2,1,2,57,UK,1,,3,,1,1,54.276794433594,-6.0410003662109,-1,
R_XU1cLfuOdS71x3H,Default Response Set,Anonymous,,,210.164.31.232,0,2016-03-08 07:21:04,2016-03-08 07:30:01,1,1,1,1,1,2,1,2,2,2,2,2,3,3,2,2,1,2,5,5,4,4,2,3,5,5,3,3,2,4,1,3,1,1,1,1,1,3,1,2,1,1,4,1,2,1,3,3,3,3,3,3,3,2,3,3,3,3,3,3,3,1,1,3,3,1,1,49,British,1,,2,,2,1,35.684997558594,139.75140380859,-1,
R_qxXCgUeLBtkRaXD,Default Response Set,Anonymous,,,86.149.236.58,0,2016-03-08 07:39:51,2016-03-08 07:53:04,1,1,1,1,3,5,5,5,6,6,5,6,1,3,6,6,4,5,6,6,5,5,7,7,6,6,5,5,,,5,6,3,1,1,1,3,1,1,1,1,4,4,2,1,1,4,3,3,1,,3,3,3,3,1,1,,1,3,1,1,1,1,1,1,2,65,British,,,3,,1,1,51.514404296875,-0.094100952148438,-1,
R_C4DqOQBRsAJ2ABb,Default Response Set,Anonymous,,,95.150.102.15,0,2016-03-08 08:22:56,2016-03-08 08:36:55,1,1,1,1,5,5,2,6,3,6,6,6,5,5,4,5,4,4,5,5,5,5,6,6,4,5,4,5,6,4,2,5,2,2,2,2,2,2,2,2,2,2,2,2,2,2,3,1,1,1,1,1,1,1,1,1,1,1,1,1,1,1,1,1,1,1,1,53,British,1,,1,,2,1,51.557998657227,-1.7812042236328,-1,
R_QcuerG9ujaKVZnP,Default Response Set,Anonymous,,,86.166.7.196,0,2016-03-08 08:28:14,2016-03-08 08:47:38,1,1,1,1,2,5,1,5,1,5,1,5,3,5,1,5,1,4,4,6,2,5,3,5,1,6,2,5,2,5,2,6,4,4,3,3,3,3,3,3,4,3,3,4,3,4,4,2,2,1,2,3,2,2,2,2,2,2,3,2,2,1,2,1,2,1,2,44,British,1,,3,,2,1,51.464294433594,-0.01190185546875,-1,
R_3EEDRum98n040js,Default Response Set,Anonymous,,,31.221.116.4,0,2016-03-08 08:51:21,2016-03-08 09:03:20,1,1,1,1,3,3,5,5,3,6,7,7,3,5,5,4,1,4,4,5,2,4,6,6,3,7,5,7,3,4,1,4,2,2,2,2,4,2,2,2,2,4,2,2,2,2,5,1,1,1,1,1,1,1,1,2,1,1,1,1,1,1,1,1,1,1,2,25,British,1,,2,,2,1,51.514404296875,-0.094100952148438,-1,
R_28Fzdfzq4D3LZTW,Default Response Set,Anonymous,,,151.224.252.168,0,2016-03-08 08:51:01,2016-03-08 09:04:45,1,1,1,1,1,2,2,2,6,6,3,4,7,7,2,2,2,3,5,6,1,1,3,4,4,4,1,2,6,6,2,4,3,2,2,2,2,2,2,3,2,5,2,2,2,2,3,2,2,1,1,1,1,1,1,2,2,2,2,2,1,1,1,1,2,1,1,46,British,1,,2,,1,1,51.514404296875,-0.094100952148438,-1,
R_21AmddGaHfrOV7k,Default Response Set,Anonymous,,,,1,2016-03-08 09:05:08,2016-03-08 09:11:55,1,1,1,1,5,4,5,4,3,4,6,4,1,5,5,4,1,5,5,5,3,4,2,4,2,4,7,6,2,4,2,4,3,2,1,1,2,2,1,1,1,2,4,1,1,3,4,1,1,1,1,1,1,1,1,1,1,1,1,1,1,1,1,1,1,1,2,27,British,1,,3,,1,1,52.638595581055,-1.1316986083984,-1,
R_3POkZ6Pwy4wJxKV,Default Response Set,Anonymous,,,80.1.136.19,0,2016-03-08 09:01:52,2016-03-08 09:19:30,1,1,1,1,5,6,2,5,3,4,6,5,7,7,6,5,7,4,5,7,5,5,6,5,1,5,3,5,2,5,2,6,3,4,2,2,4,4,3,3,3,5,3,2,2,3,5,3,3,2,3,3,1,3,3,2,2,2,2,3,3,3,1,2,1,1,2,57,British,3,,2,,2,1,51.401306152344,0.045806884765625,-1,
R_12D4ti6jifp3AcC,Default Response Set,Anonymous,,,92.20.84.199,0,2016-03-08 09:17:13,2016-03-08 10:00:21,1,1,1,1,3,3,3,6,5,3,4,4,3,3,2,2,1,1,1,4,2,4,6,6,6,6,3,7,1,3,5,6,4,4,4,4,4,4,4,4,4,4,4,4,2,4,4,3,,1,2,3,3,2,2,2,2,3,3,3,3,1,1,3,1,1,2,58,italian,1,,,,,1,51.514404296875,-0.094100952148438,-1,
R_24eIxu8x5a3DwZC,Default Response Set,Anonymous,,,158.223.49.188,0,2016-03-08 10:08:47,2016-03-08 10:17:17,1,1,1,1,2,3,3,3,3,4,3,4,2,3,3,4,1,2,2,3,1,2,3,3,3,5,2,3,3,4,3,4,2,4,1,2,2,2,1,1,1,2,1,1,1,2,4,2,2,1,1,3,2,1,1,1,1,1,1,1,1,1,1,1,1,1,1,72,British,1,,4,,1,1,51.514205932617,-0.093093872070312,-1,
R_2TSIyTtNuBS25iv,Default Response Set,Anonymous,,,90.199.58.45,0,2016-03-08 10:10:56,2016-03-08 10:26:48,1,1,1,1,4,4,2,4,4,4,3,4,2,2,4,4,1,1,4,5,3,3,2,3,1,3,3,3,3,4,4,3,2,2,2,2,2,2,2,2,2,4,2,2,2,2,4,1,1,1,1,1,1,1,1,1,1,1,1,1,1,1,1,1,1,1,2,51,English,1,,1,,2,1,51.85920715332,-4.3117065429688,-1,
R_1ePNmMHdnnGFOi8,Default Response Set,Anonymous,,,146.169.53.199,0,2016-03-08 12:05:01,2016-03-08 12:13:08,1,1,1,1,3,3,2,4,1,3,5,6,4,4,3,4,2,4,3,3,3,3,3,2,4,4,2,5,2,4,2,4,1,1,1,1,1,1,1,1,1,2,1,1,1,1,2,1,1,1,1,1,1,1,1,1,1,1,1,1,1,1,1,1,1,1,1,23,British,2,,1,,1,1,51.514205932617,-0.093093872070312,-1,
R_3M3fEAv6hgS6tq6,Default Response Set,Anonymous,,,86.22.92.184,0,2016-03-08 12:23:50,2016-03-08 12:32:04,1,1,1,1,7,5,4,4,4,5,7,6,1,5,5,7,6,7,6,5,4,4,7,5,6,6,6,6,4,5,2,6,1,1,1,1,1,1,1,1,1,1,1,1,1,1,3,1,1,1,1,1,1,1,1,1,1,1,1,1,1,1,1,1,1,1,2,28,Irish,4,,3,,1,1,51.451507568359,-1.0140991210938,-1,
R_1pWnn5mGMUmOPFN,Default Response Set,Anonymous,,,128.86.177.160,0,2016-03-08 12:23:21,2016-03-08 12:32:25,1,1,,1,2,5,2,6,4,6,5,4,5,6,5,7,4,3,5,5,2,5,4,4,5,6,5,5,4,5,3,5,2,2,1,1,5,2,2,1,1,2,3,1,1,3,4,1,1,1,1,1,1,1,1,2,1,1,1,1,1,1,1,1,1,1,1,25,Irish,3,,2,,1,1,51.514404296875,-0.094100952148438,-1,
R_3NJKxbyA6MwZEZf,Default Response Set,Anonymous,,,158.223.166.26,0,2016-03-08 12:23:51,2016-03-08 12:33:16,1,1,1,1,3,3,5,6,6,6,5,6,5,5,3,5,2,3,3,5,4,5,3,5,3,3,5,5,3,5,2,3,4,2,2,2,4,3,2,2,2,2,2,2,1,2,2,1,1,1,1,1,2,1,1,2,1,1,1,1,2,1,1,2,2,1,2,31,British,4,,3,,1,1,51.514205932617,-0.093093872070312,-1,
R_5ubc9012ULaMyTT,Default Response Set,Anonymous,,,158.223.166.40,0,2016-03-08 13:01:44,2016-03-08 13:15:40,1,1,1,1,3,3,2,5,4,5,3,3,3,4,3,5,2,2,3,5,3,3,2,3,1,3,2,2,3,4,2,4,1,4,1,1,2,1,4,1,1,3,1,2,1,2,4,1,1,1,2,2,1,3,1,2,3,1,2,1,1,1,1,1,1,1,2,24,Netherlands,3,,3,,1,1,51.514205932617,-0.093093872070312,-1,
R_3HODtftWEdvxgCf,Default Response Set,Anonymous,,,83.244.194.132,0,2016-03-08 13:27:15,2016-03-08 13:38:58,1,1,1,1,3,6,2,7,4,6,3,6,6,7,2,6,1,1,2,7,4,6,5,7,3,4,1,7,4,6,7,6,2,1,1,1,1,1,1,1,1,1,1,1,1,2,4,1,1,1,1,1,1,1,1,1,1,1,1,1,1,1,1,1,1,1,1,73,british,1,,3,,1,1,51.514404296875,-0.094100952148438,-1,
R_RJ3OG3u05VYPXgZ,Default Response Set,Anonymous,,,94.14.179.210,0,2016-03-08 13:37:24,2016-03-08 13:45:31,1,1,1,1,7,7,7,7,6,7,7,7,6,4,4,4,3,4,6,6,4,4,5,5,7,7,6,6,5,5,7,7,2,2,2,2,2,2,2,2,2,2,2,2,2,2,2,1,1,1,1,1,1,1,1,2,1,1,1,1,1,1,1,1,1,1,2,21,British,2,,1,,1,1,51.38330078125,0.51669311523438,-1,
R_1hAMQWt4DnIVrcj,Default Response Set,Anonymous,,,195.99.61.34,0,2016-03-08 13:32:15,2016-03-08 13:46:04,1,1,1,1,2,4,3,5,5,4,6,6,5,7,4,4,3,5,3,5,1,3,5,4,4,5,3,4,2,5,1,4,1,1,1,1,4,1,1,1,1,3,1,1,1,1,4,2,1,1,1,1,1,1,1,1,1,1,1,1,1,1,1,1,1,1,2,64,UK,1,,2,,2,1,52.63330078125,-2.5,-1,
R_2zxantaFDQeM1C8,Default Response Set,Anonymous,,,81.146.22.103,0,2016-03-08 13:56:48,2016-03-08 14:05:33,1,1,1,1,5,5,3,5,5,5,6,6,6,5,6,6,4,5,6,6,6,6,7,6,7,7,5,6,3,5,5,7,1,1,2,1,1,2,1,2,1,2,2,1,1,1,4,1,1,1,1,3,1,1,1,2,1,1,1,1,1,1,1,1,1,1,3,35,British,1,,2,,2,1,51.447006225586,0.054306030273438,-1,
R_2dRrQfeQ52wmqJc,Default Response Set,Anonymous,,,,1,2016-03-08 14:41:09,2016-03-08 14:48:01,1,1,1,1,4,4,2,4,3,5,5,5,5,4,6,5,2,5,4,4,2,3,6,5,3,5,5,5,6,4,2,3,1,1,1,1,1,1,1,1,1,2,1,1,1,2,2,1,1,1,1,1,1,1,1,1,1,1,1,1,1,1,1,1,1,1,3,21,British,2,,1,,1,1,50.86669921875,-0.016693115234375,-1,
R_3iseD8EhKYgvfR8,Default Response Set,Anonymous,,,117.194.54.109,0,2016-03-08 14:34:51,2016-03-08 14:48:45,1,1,1,1,4,4,6,6,4,,5,5,6,6,3,3,6,6,6,6,5,5,3,3,7,,5,5,3,3,3,,1,1,1,1,1,3,1,1,2,2,1,1,1,2,2,2,3,2,1,3,3,3,1,1,1,1,1,3,1,,1,1,1,1,2,78,Indian[asian],1,,5,  B  A  B Ed,1,1,22.569702148438,88.369689941406,-1,
R_246Lyze2Q9452n8,Default Response Set,Anonymous,,,109.175.235.160,0,2016-03-08 14:19:18,2016-03-08 15:03:32,1,1,1,1,2,4,5,5,7,6,1,2,6,6,6,6,1,3,5,5,3,3,2,2,4,6,7,6,2,3,3,4,2,2,1,1,3,2,2,1,1,4,2,2,1,1,4,2,1,1,2,3,3,2,1,2,1,1,1,1,1,1,1,1,1,1,2,25,Spanish,3,,2,,1,1,51.533294677734,0,-1,
R_3JrcDu3f2oulxr1,Default Response Set,Anonymous,,,172.56.41.182,0,2016-03-08 14:50:28,2016-03-08 15:10:09,1,1,1,1,1,5,1,5,1,5,2,6,2,4,1,5,1,6,2,6,1,3,3,4,1,5,3,5,1,5,1,6,2,2,2,2,2,3,2,3,5,4,2,2,2,3,4,3,3,2,1,3,3,3,1,1,1,1,1,3,1,1,1,1,1,1,2,48,American,1,,5,Associates,1,1,34.052200317383,-118.24369812012,-1,
R_7WCyOSTpiDhcCEV,Default Response Set,Anonymous,,,138.37.215.34,0,2016-03-08 09:35:52,2016-03-08 15:20:22,1,1,,1,4,6,5,7,5,6,4,3,3,5,5,5,3,5,4,5,6,6,5,5,4,6,6,7,6,6,5,6,3,2,1,1,2,2,2,1,2,4,2,1,2,1,4,1,1,1,1,1,1,1,1,1,1,1,1,1,1,1,1,1,1,1,2,30,British,1,,4,,2,1,51.514205932617,-0.093093872070312,-1,
R_bC57asWWJqBviE1,Default Response Set,Anonymous,,,94.14.182.201,0,2016-03-08 15:48:27,2016-03-08 16:23:08,1,1,1,1,5,7,2,6,2,6,3,5,5,6,3,5,5,6,5,6,5,6,5,6,5,6,5,6,3,5,3,5,1,1,2,2,2,1,2,2,1,4,3,4,2,2,4,1,1,1,1,1,1,1,1,1,1,1,1,1,1,1,1,1,1,1,1,30,English,4,,3,,1,1,51.330993652344,0.57609558105469,-1,
R_1k1DWIvV25oNHcO,Default Response Set,Anonymous,,,5.65.144.181,0,2016-03-08 12:46:27,2016-03-08 17:38:26,1,1,1,1,5,5,3,6,4,5,5,5,6,6,1,4,2,4,4,5,2,6,1,5,2,5,4,7,2,6,5,6,4,3,3,4,5,4,3,3,2,3,4,4,2,3,5,2,1,1,2,3,1,1,1,2,2,1,1,2,1,1,1,1,1,1,2,24,Greek,3,,3,,1,1,51.449996948242,-0.083297729492188,-1,
R_2wKycF8fB5OdYDK,Default Response Set,Anonymous,,,143.106.140.40,0,2016-03-08 17:34:21,2016-03-08 17:56:40,1,1,1,1,7,7,5,6,5,7,4,7,6,6,6,7,5,5,5,7,6,6,5,5,6,6,5,7,4,5,6,7,3,2,2,2,2,3,2,2,3,3,4,4,2,3,5,1,1,1,1,3,1,1,1,1,1,1,1,1,1,1,1,1,1,1,1,40,Brazilian,1,,4,,2,1,-22.899993896484,-47.083297729492,-1,
R_2cA8Vy74kj6TBw6,Default Response Set,Anonymous,,,92.11.252.94,0,2016-03-08 18:58:25,2016-03-08 19:10:24,1,1,1,1,2,3,1,4,3,5,2,4,2,4,1,4,2,4,2,5,1,4,1,5,2,6,2,6,1,4,1,3,2,3,2,2,2,4,3,2,3,4,3,3,2,2,4,2,2,2,2,2,2,1,2,2,1,2,2,3,2,1,1,1,1,1,1,48,British,1,,5,school of autdidactica,2,1,51.514404296875,-0.094100952148438,-1,
R_C1tlyxQvPLwKRvb,Default Response Set,Anonymous,,,86.184.185.254,0,2016-03-08 19:02:52,2016-03-08 19:17:14,1,1,1,1,1,2,2,4,3,5,2,2,3,6,1,4,2,4,2,3,2,4,3,5,5,5,4,4,2,3,1,4,2,2,2,2,4,3,2,2,2,3,2,2,2,2,3,2,1,1,1,3,2,3,2,2,2,3,3,1,2,1,1,1,1,1,2,43,British,3,,4,,1,1,51.645706176758,-0.77589416503906,-1,
R_vZDPLRS9tDr5kiZ,Default Response Set,Anonymous,,,94.119.65.2,0,2016-03-08 19:32:23,2016-03-08 19:40:11,1,1,1,1,5,5,1,5,2,6,5,5,6,7,3,5,3,5,5,5,6,6,1,2,6,5,5,6,2,4,3,5,3,2,2,2,2,4,2,2,2,2,2,2,2,2,5,1,1,1,1,2,1,1,1,1,1,1,1,1,1,1,1,1,1,1,1,31,UK,4,,3,,2,1,51.5,-0.1300048828125,-1,
R_1JFranN3txhnLr1,Default Response Set,Anonymous,,,86.25.31.26,0,2016-03-08 19:57:15,2016-03-08 20:12:51,1,1,1,1,3,5,2,6,4,5,6,6,4,6,4,4,5,4,3,4,1,5,4,4,5,5,7,6,4,5,4,5,2,4,1,2,4,4,2,1,2,2,4,4,1,2,5,,2,1,2,2,1,2,1,1,1,3,2,2,2,1,1,1,1,1,1,56,British,1,,5,BTEC diploma,1,1,52.990905761719,-2.1802062988281,-1,
R_31zRwQd9u3txo2b,Default Response Set,Anonymous,,,92.234.39.253,0,2016-03-08 22:17:31,2016-03-08 22:32:33,1,1,1,1,6,7,4,7,6,7,6,7,5,5,6,7,2,6,3,7,2,6,6,6,4,7,2,6,3,4,3,7,2,2,1,1,1,1,1,1,1,1,2,2,1,1,5,1,1,1,1,1,1,1,1,1,1,1,1,1,1,1,1,1,1,1,2,42,Australian,1,,1,,2,1,51.536697387695,-0.094406127929688,-1,
R_12EbrMJgMHf8e0X,Default Response Set,Anonymous,,,99.229.232.246,0,2016-03-08 23:07:23,2016-03-08 23:35:34,1,1,1,1,7,6,2,5,3,5,7,5,2,5,3,5,4,4,6,6,6,5,2,3,7,4,7,4,5,5,2,3,1,1,1,1,1,1,1,1,1,1,1,1,1,1,1,1,1,1,1,3,1,1,1,1,1,1,1,1,1,1,1,1,1,1,1,60,Canadian,1,,2,,2,1,43.577102661133,-79.630599975586,-1,
R_xzn20dzQjpSN3QR,Default Response Set,Anonymous,,,50.83.48.128,0,2016-03-08 23:42:38,2016-03-08 23:55:39,1,1,1,1,5,2,4,5,1,7,5,5,3,4,3,4,4,6,3,6,2,5,7,4,2,6,5,7,2,7,1,5,5,4,2,5,4,4,4,2,2,4,5,5,2,4,5,2,1,1,1,3,1,3,3,3,3,2,1,1,1,1,1,3,1,1,2,42,North American ,1,,2,,1,1,42.024505615234,-91.662002563477,-1,
R_2vl9z68RaOOYigM,Default Response Set,Anonymous,,,71.72.241.145,0,2016-03-09 02:03:22,2016-03-09 02:10:12,1,1,1,1,1,3,1,3,4,5,3,4,4,4,5,6,2,5,5,6,3,3,5,5,2,6,5,5,3,5,2,5,3,4,2,3,5,4,3,2,5,4,5,3,2,5,5,1,1,1,1,1,1,1,1,2,1,1,1,1,1,1,1,1,1,1,2,32,ISA,1,,2,,2,1,39.897994995117,-82.745903015137,-1,
R_zcoLJQRSFJqCdt7,Default Response Set,Anonymous,,,94.197.121.231,0,2016-03-09 09:35:48,2016-03-09 09:53:01,1,1,,1,5,6,5,5,4,5,4,4,6,4,5,5,5,4,4,5,5,6,4,4,3,5,5,5,6,5,6,5,4,4,4,2,2,3,4,5,2,4,4,3,2,4,5,1,1,1,1,1,1,1,1,1,1,1,1,1,1,1,1,1,1,1,1,41,British,1,,1,,2,1,52.466705322266,-1.9167022705078,-1,
R_1NwV7h0ll1mWJEm,Default Response Set,Anonymous,,,158.223.166.65,0,2016-03-09 15:01:39,2016-03-09 15:21:34,1,1,1,1,5,5,6,6,6,6,4,3,2,4,5,5,3,3,7,7,3,4,7,5,4,4,5,6,3,3,6,6,2,1,1,1,1,3,1,1,1,2,1,1,2,2,1,2,1,1,2,1,1,1,1,2,2,2,2,1,1,1,1,1,1,1,2,21,Indian,3,,2,,1,1,51.514205932617,-0.093093872070312,-1,
R_2eVfmynXj83uwfx,Default Response Set,Anonymous,,,72.241.61.10,0,2016-03-09 16:44:26,2016-03-09 16:52:46,1,1,1,1,2,3,1,6,4,7,3,5,2,5,4,7,1,5,4,5,3,6,3,5,2,5,5,2,4,6,1,4,2,2,1,2,2,4,1,4,1,5,3,2,2,2,4,3,2,2,2,3,2,3,1,3,1,2,2,2,1,1,1,1,1,1,2,40,American,1,,3,,2,1,41.66389465332,-83.555198669434,-1,
R_zcmLJ48FyZe2nrX,Default Response Set,Anonymous,,,86.132.235.249,0,2016-03-09 20:24:13,2016-03-09 20:35:41,1,1,1,1,4,4,3,5,2,5,7,6,6,6,4,5,5,5,4,5,4,5,2,3,5,6,2,5,1,4,2,5,4,1,1,1,4,2,1,1,1,2,3,1,1,1,4,1,1,1,1,1,1,1,1,1,1,1,1,1,1,1,1,1,1,1,2,51,British,1,,4,,1,1,51.514404296875,-0.094100952148438,-1,
R_vpoKyvQRctD17ot,Default Response Set,Anonymous,,,80.47.34.34,0,2016-03-10 13:29:11,2016-03-10 13:58:12,1,1,1,1,7,5,4,2,3,3,2,2,1,4,,,2,3,4,5,5,5,2,3,5,4,6,5,2,5,4,6,2,1,1,2,4,4,1,2,1,4,4,1,2,4,4,2,1,1,1,3,1,1,1,2,1,3,1,1,1,1,1,3,1,1,2,39,brithish,2,,1,,1,1,54.35270690918,-2.7615051269531,-1,
R_1ptKhMmaf89fiYQ,Default Response Set,Anonymous,,,213.123.183.220,0,2016-03-10 17:12:37,2016-03-10 17:21:50,1,1,1,1,1,7,1,7,1,1,1,1,4,7,5,7,1,1,1,7,1,4,4,7,1,3,4,7,1,4,1,7,5,5,3,5,5,5,5,3,3,5,5,5,3,5,5,2,1,1,2,3,3,3,1,2,1,2,2,2,2,2,1,1,1,1,2,34,Black  British,3,,2,,1,1,51.483306884766,0.083297729492188,-1,
R_87gN9BOIre2gAO5,Default Response Set,Anonymous,,,85.2.4.18,0,2016-03-10 17:38:51,2016-03-10 17:56:16,1,1,1,1,1,1,1,1,1,1,1,1,4,4,1,1,4,4,1,1,1,1,1,1,1,1,2,4,2,3,1,1,1,1,1,1,1,1,1,1,1,1,1,1,1,1,1,3,2,1,1,2,2,1,2,3,1,1,3,2,1,1,1,2,1,1,2,49,Swiss ,2,,1,,1,2,46.288497924805,7.9149017333984,-1,
R_yx7S1E0PH9hsMWR,Default Response Set,Anonymous,,,178.197.233.2,0,2016-03-10 13:32:03,2016-03-10 19:16:01,1,1,1,1,5,5,2,2,6,5,6,4,6,6,2,4,2,4,5,6,5,5,6,5,6,6,5,6,4,6,2,4,2,2,4,4,4,3,4,4,2,4,3,3,2,3,5,3,3,3,2,3,3,3,3,3,3,3,3,3,3,3,2,3,3,1,2,51,Swiss,2,,5,Diploma of higher education,1,1,47,8,-1,
R_NXzRYpyKzlnLPmp,Default Response Set,Anonymous,,,81.62.141.146,0,2016-03-10 21:09:26,2016-03-10 21:22:38,1,1,1,1,5,6,5,5,3,5,5,6,6,6,5,5,3,4,5,6,4,4,1,4,4,5,4,5,4,5,2,6,4,4,1,2,2,2,2,2,1,4,3,2,2,2,4,3,1,1,1,1,1,1,1,1,1,3,2,3,2,1,1,1,1,1,2,27,Brazilian,2,,1,,1,1,47,8,-1,
R_2PtZuanbZSq4PL4,Default Response Set,Anonymous,,,82.69.120.215,0,2016-03-10 21:11:02,2016-03-10 21:31:37,1,1,1,1,6,5,5,6,5,5,4,2,6,6,4,5,4,4,4,6,4,4,6,4,3,5,3,6,5,6,6,6,1,1,1,1,1,1,2,1,1,4,1,1,1,1,3,2,1,1,2,3,3,3,3,2,1,3,2,2,1,1,1,2,3,1,2,26,British,1,,2,,1,1,51.514404296875,-0.094100952148438,-1,
R_2nRDoAdMrDHi01j,Default Response Set,Anonymous,,,81.62.141.146,0,2016-03-10 21:24:12,2016-03-10 21:42:37,1,1,1,1,5,4,2,5,3,5,5,5,5,5,5,5,3,3,4,5,4,4,2,4,5,5,4,5,3,5,2,4,2,1,1,1,2,2,1,1,1,3,2,1,1,2,2,2,2,1,1,1,1,1,1,1,1,2,1,1,1,1,1,1,1,1,2,28,Swiss,1,,3,,2,1,47,8,-1,
R_3DiKEzIhRuHJbHD,Default Response Set,Anonymous,,,86.134.117.71,0,2016-03-11 12:19:00,2016-03-11 12:41:34,1,1,,1,1,3,2,6,2,6,6,6,6,6,3,6,3,5,5,5,3,6,5,5,2,4,7,7,6,6,1,5,1,1,1,1,1,1,1,1,1,1,1,1,1,1,2,1,1,1,1,1,1,1,1,1,1,1,1,1,1,1,1,1,1,1,1,77,Pakistani British,1,,2,,1,1,51.416702270508,0.11669921875,-1,
R_vkKBoAI9kkWkpc5,Default Response Set,Anonymous,,,86.134.232.177,0,2016-03-12 09:58:50,2016-03-12 10:07:50,1,1,1,1,3,5,1,4,5,7,4,6,2,6,2,5,5,6,5,,4,4,2,4,6,7,6,7,7,7,3,6,2,4,1,2,4,2,2,1,1,3,4,1,1,2,4,1,1,1,1,2,1,1,2,2,1,1,1,2,1,1,1,1,2,1,2,41,British,4,,5,Interdisciplinary research fellowship,1,1,51.523193359375,-0.15780639648438,-1,
R_3QR7jaoBfYNAPQa,Default Response Set,Anonymous,,,95.34.35.97,0,2016-03-12 10:54:50,2016-03-12 11:05:24,1,1,,1,6,5,4,5,3,5,5,5,1,5,3,4,3,4,4,4,4,5,2,5,4,4,5,5,3,5,5,5,2,1,1,2,2,2,1,1,1,2,2,2,1,2,4,1,1,1,1,2,2,1,1,1,1,1,1,1,1,1,1,1,1,1,1,50,Norwegian,1,,4,,1,1,63.428604125977,10.538192749023,-1,
R_3lRDl7Oz1bL8kbs,Default Response Set,Anonymous,,,2.99.55.117,0,2016-03-14 03:48:45,2016-03-14 04:18:09,1,1,1,1,2,7,5,7,1,7,1,7,5,7,4,7,1,7,4,6,4,6,6,5,5,7,5,7,4,6,2,6,2,2,1,1,1,1,1,1,1,1,1,1,1,2,2,2,2,2,2,2,2,2,1,2,1,2,2,2,1,1,1,1,1,1,1,55,UK,1,,2,,1,1,51.514404296875,-0.094100952148438,-1,
R_1r7wJ2N7ACZs01D,Default Response Set,Anonymous,,,,1,2016-03-14 12:10:07,2016-03-14 12:40:22,1,1,1,1,5,3,2,5,5,3,2,4,2,6,3,5,1,4,1,5,2,6,1,5,3,6,4,6,2,4,1,6,4,2,1,4,3,2,2,2,1,4,3,2,1,4,4,1,1,1,1,1,1,1,1,1,1,1,1,1,1,1,1,2,1,1,2,34,British,2,,2,,1,1,51.514404296875,-0.094100952148438,-1,
R_1NwtoxVzBSdClO5,Default Response Set,Anonymous,,,68.198.2.109,0,2016-03-14 16:58:24,2016-03-14 17:10:37,1,1,1,1,6,6,6,7,7,7,7,7,7,7,7,7,5,6,5,6,7,7,7,7,5,7,7,7,7,7,6,6,5,3,2,1,4,2,2,2,1,2,2,2,1,1,5,2,1,1,1,3,1,1,1,2,2,3,1,1,1,1,1,1,1,1,2,21,American,2,,1,,1,1,40.72509765625,-73.707000732422,-1,
R_3PB2UFqsDtJRmrX,Default Response Set,Anonymous,,,83.132.45.225,0,2016-03-07 18:21:52,2016-03-07 18:26:07,0,1,1,1,,,,,,,,,,,,,,,,,,,,,,,,,,,,,,,,,,,,,,,,,,,,,,,,,,,,,,,,,,,,,,,,,,,,,,,,,,-1,
R_0pvtdNLrgXN2YCd,Default Response Set,Anonymous,,,109.148.8.60,0,2016-03-07 18:17:56,2016-03-07 18:22:20,0,1,1,1,,,,,,,1,4,,,2,3,2,2,2,5,2,5,1,4,,,,,2,5,1,2,,,,,,,,,,,,,,,,,,,,,,,,,,,,,,,,,,,,,,,,,,,,,,-1,
R_1pX9VUoVl5VmMcH,Default Response Set,Anonymous,,,92.21.70.168,0,2016-03-07 18:20:39,2016-03-07 18:23:10,0,1,1,,,,,,,,,,,,,,,,,,,,,,,,,,,,,,,,,,,,,,,,,,,,,,,,,,,,,,,,,,,,,,,,,,,,,,,,,,,-1,
R_2WY9HNSOHb7UzDg,Default Response Set,Anonymous,,,84.92.112.182,0,2016-03-07 18:31:31,2016-03-07 18:31:45,0,1,1,,,,,,,,,,,,,,,,,,,,,,,,,,,,,,,,,,,,,,,,,,,,,,,,,,,,,,,,,,,,,,,,,,,,,,,,,,,-1,
R_33xxy1cD25ahOan,Default Response Set,Anonymous,,,213.49.117.29,0,2016-03-07 18:37:05,2016-03-07 18:37:38,0,1,1,,,,,,,,,,,,,,,,,,,,,,,,,,,,,,,,,,,,,,,,,,,,,,,,,,,,,,,,,,,,,,,,,,,,,,,,,,,-1,
R_2V3YKqRYepABIzg,Default Response Set,Anonymous,,,104.149.245.81,0,2016-03-07 18:51:20,2016-03-07 18:52:17,0,1,,1,,,,,,,,,,,,,,,,,,,6,6,,,,,,,,,,,,,,,,,,,,,,,,,,,,,,,,,,,,,,,,,,,,,,,,,,,,,,-1,
R_3fUBZbySF0C1qSX,Default Response Set,Anonymous,,,88.106.109.130,0,2016-03-07 19:02:36,2016-03-07 19:10:44,0,1,1,1,6,6,3,6,4,6,6,6,7,7,6,6,4,4,5,5,6,6,6,6,6,5,5,5,2,5,1,6,,,,,,,,,,,,,,,,,,,,,,,,,,,,,,,,,,,,,,,,,,,,,,-1,
R_1ohd3fYPTWdN0Rx,Default Response Set,Anonymous,,,79.78.68.207,0,2016-03-07 19:07:31,2016-03-07 19:16:35,0,1,1,,,,,,,,,,,,,,,,,,,,,,,,,,,,,,,,,,,,,,,,,,,,,,,,,,,,,,,,,,,,,,,,,,,,,,,,,,,-1,
R_27xqQLFoRCr5MOg,Default Response Set,Anonymous,,,94.197.120.159,0,2016-03-07 19:18:39,2016-03-07 19:19:44,0,1,1,,,,,,,,,,,,,,,,,,,,,,,,,,,,,,,,,,,,,,,,,,,,,,,,,,,,,,,,,,,,,,,,,,,,,,,,,,,-1,
R_2UXA3miuPchiZAK,Default Response Set,Anonymous,,,119.72.196.172,0,2016-03-07 19:42:24,2016-03-07 19:44:04,0,1,1,,,,,,,,,,,,,,,,,,,,,,,,,,,,,,,,,,,,,,,,,,,,,,,,,,,,,,,,,,,,,,,,,,,,,,,,,,,-1,
R_1DCCSb6LyHzcpTW,Default Response Set,Anonymous,,,82.13.108.88,0,2016-03-07 19:49:02,2016-03-07 19:49:14,0,1,1,,,,,,,,,,,,,,,,,,,,,,,,,,,,,,,,,,,,,,,,,,,,,,,,,,,,,,,,,,,,,,,,,,,,,,,,,,,-1,
R_3ErIBsCwdjVoggJ,Default Response Set,Anonymous,,,77.231.134.10,0,2016-03-14 20:02:53,2016-03-14 20:12:09,1,1,1,1,7,7,2,6,4,4,5,5,2,7,2,5,3,6,6,6,4,6,6,5,6,4,,,7,3,4,6,4,3,1,2,3,4,2,2,1,5,5,2,2,3,5,3,1,1,2,3,3,3,2,3,3,2,3,3,3,1,3,2,3,1,2,31,german,2,,2,,1,1,38.908798217773,1.4329986572266,-1,
R_1daFexVTqe9Ue9Q,Default Response Set,Anonymous,,,86.137.45.68,0,2016-03-07 20:27:53,2016-03-07 20:32:41,0,1,1,1,5,5,3,5,,,5,5,,,6,5,5,6,3,6,5,5,7,5,5,5,5,6,,,4,5,,,,,,,,,,,,,,,,,,,,,,,,,,,,,,,,,,,,,,,,,,,,,,-1,
R_1gBHaaCDVf6OdDX,Default Response Set,Anonymous,,,83.132.45.225,0,2016-03-07 20:37:17,2016-03-07 20:50:56,0,1,1,1,3,5,,,,,,,,,,,,,,,3,4,,,,,3,3,3,3,2,4,,,,,,,,,,,,,,,,,,,,,,,,,,,,,,,,,,,,,,,,,,,,,,-1,
R_TuTg4gCnkq9MSSl,Default Response Set,Anonymous,,,2.31.30.38,0,2016-03-07 21:20:50,2016-03-07 21:23:06,0,1,1,1,4,5,,,3,5,,,,,5,5,,,6,6,,,,,,,4,4,,,,,,,,,,,,,,,,,,,,,,,,,,,,,,,,,,,,,,,,,,,,,,,,,,-1,
R_SOkIv0aZuq336i5,Default Response Set,Anonymous,,,86.161.136.209,0,2016-03-07 21:40:43,2016-03-07 21:41:48,0,1,,,,,,,,,,,,,,,,,,,,,,,,,,,,,,,,,,,,,,,,,,,,,,,,,,,,,,,,,,,,,,,,,,,,,,,,,,,,-1,
R_1IacVfRRpEVXG9H,Default Response Set,Anonymous,,,213.205.251.218,0,2016-03-07 21:41:50,2016-03-07 21:42:11,0,1,1,,,,,,,,,,,,,,,,,,,,,,,,,,,,,,,,,,,,,,,,,,,,,,,,,,,,,,,,,,,,,,,,,,,,,,,,,,,-1,
R_W1jMCD63BuegKhr,Default Response Set,Anonymous,,,86.183.10.202,0,2016-03-07 21:44:14,2016-03-07 21:49:33,0,1,1,1,,,,,,,,,,,,,,,,,,,,,,,,,,,,,,,,,,,,,,,,,,,,,,,,,,,,,,,,,,,,,,,,,,,,,,,,,,-1,
R_ZLe82Y2YgOsx9YJ,Default Response Set,Anonymous,,,121.74.99.140,0,2016-03-07 21:51:07,2016-03-07 21:53:41,0,1,1,1,,,,,,,,,,,,,,,,,,,,,2,5,,,,,6,3,,,,,,,,,,,,,,,,,,,,,,,,,,,,,,,,,,,,,,,,,,,,,,-1,
R_UXUh968Bw0cZGCt,Default Response Set,Anonymous,,,93.186.153.67,0,2016-03-07 21:57:56,2016-03-07 21:58:30,0,1,1,,,,,,,,,,,,,,,,,,,,,,,,,,,,,,,,,,,,,,,,,,,,,,,,,,,,,,,,,,,,,,,,,,,,,,,,,,,-1,
R_3exztAWwbOsiUK7,Default Response Set,Anonymous,,,87.115.71.13,0,2016-03-07 22:13:22,2016-03-07 22:13:37,0,1,,,,,,,,,,,,,,,,,,,,,,,,,,,,,,,,,,,,,,,,,,,,,,,,,,,,,,,,,,,,,,,,,,,,,,,,,,,,-1,
R_3jURXRvJC0a2UBa,Default Response Set,Anonymous,,,86.141.80.250,0,2016-03-07 22:33:57,2016-03-07 22:41:11,0,1,1,1,3,5,2,4,2,5,3,5,2,5,2,4,2,5,2,3,2,2,2,4,2,5,2,5,2,5,2,5,,,,,,,,,,,,,,,,,,,,,,,,,,,,,,,,,,,,,,,,,,,,,,-1,
R_Wk7yv2NePS1d6HD,Default Response Set,Anonymous,,,67.80.183.235,0,2016-03-14 22:58:35,2016-03-14 23:22:27,1,1,,1,4,4,5,6,4,5,3,5,5,5,5,5,5,5,3,5,5,5,2,3,5,5,5,6,2,5,5,5,4,1,1,1,2,1,4,1,2,4,4,2,1,4,4,1,3,1,1,3,3,3,1,3,1,1,3,3,1,1,1,1,1,1,2,21,American,2,,1,,1,1,40.793899536133,-73.68620300293,-1,
R_2t9bx3s96bsZ6pR,Default Response Set,Anonymous,,,81.174.150.129,0,2016-03-08 00:01:04,2016-03-08 00:02:38,0,1,,1,,,,,,,,,,,,,,,,,1,5,,,,,1,3,,,,,,,,,,,,,,,,,,,,,,,,,,,,,,,,,,,,,,,,,,,,,,,,,,-1,
R_31H6Lccz69cbyjv,Default Response Set,Anonymous,,,31.3.224.66,0,2016-03-08 00:48:23,2016-03-08 00:49:03,0,1,1,,,,,,,,,,,,,,,,,,,,,,,,,,,,,,,,,,,,,,,,,,,,,,,,,,,,,,,,,,,,,,,,,,,,,,,,,,,-1,
R_sMBTRzeaLs3qJcl,Default Response Set,Anonymous,,,79.65.242.199,0,2016-03-08 01:53:45,2016-03-08 01:54:19,0,1,1,1,,,,,,,,,,,,,,,,,,,,,,,,,,,,,,,,,,,,,,,,,,,,,,,,,,,,,,,,,,,,,,,,,,,,,,,,,,-1,
R_7aJSiYTcQOMg9EZ,Default Response Set,Anonymous,,,109.155.154.141,0,2016-03-08 03:57:53,2016-03-08 03:58:19,0,1,1,,,,,,,,,,,,,,,,,,,,,,,,,,,,,,,,,,,,,,,,,,,,,,,,,,,,,,,,,,,,,,,,,,,,,,,,,,,-1,
R_0pwkFRlGkHWpiM5,Default Response Set,Anonymous,,,92.24.129.216,0,2016-03-08 06:39:06,2016-03-08 06:48:35,0,1,1,1,,,,,,,,,,,,,,,,,,,,,,,,,,,,,,,,,,,,,,,,,,,,,,,,,,,,,,,,,,,,,,,,,,,,,,,,,,-1,
R_exMEkwI4ovuZP25,Default Response Set,Anonymous,,,92.24.129.216,0,2016-03-08 06:14:01,2016-03-08 07:21:41,0,1,1,1,,,,,,,,,,,,,,,,,,,,,,,,,,,,,,,,,,,,,,,,,,,,,,,,,,,,,,,,,,,,,,,,,,,,,,,,,,-1,
R_29h3EbqLb8lq9tY,Default Response Set,Anonymous,,,80.195.159.203,0,2016-03-08 07:20:14,2016-03-08 07:22:24,0,1,1,1,,,,,,,4,4,,,,,2,4,,,,,,,,,,,,,,,,,,,,,,,,,,,,,,,,,,,,,,,,,,,,,,,,,,,,,,,,,,,,-1,
R_xg8i5cKwBggoNFv,Default Response Set,Anonymous,,,109.201.137.166,0,2016-03-08 07:55:17,2016-03-08 07:57:21,0,1,1,1,,,,,,,,,,,,,,,5,7,,,,,,,,,6,6,,,,,,,,,,,,,,,,,,,,,,,,,,,,,,,,,,,,,,,,,,,,,,,,-1,
R_3FILKMF9nNSs9fQ,Default Response Set,Anonymous,,,86.1.106.24,0,2016-03-08 07:53:41,2016-03-08 07:59:23,0,1,,1,1,4,2,3,,,,,,,,,,,2,6,1,4,2,4,,,,,,,,,,,,,,,,,,,,,,,,,,,,,,,,,,,,,,,,,,,,,,,,,,,,,,-1,
R_1davPc3fYoPCiIx,Default Response Set,Anonymous,,,31.50.101.159,0,2016-03-08 08:47:16,2016-03-08 08:47:40,0,1,1,,,,,,,,,,,,,,,,,,,,,,,,,,,,,,,,,,,,,,,,,,,,,,,,,,,,,,,,,,,,,,,,,,,,,,,,,,,-1,
R_1JKNUBd8jBEaiaG,Default Response Set,Anonymous,,,2.150.0.97,0,2016-03-08 08:26:09,2016-03-08 09:23:07,0,1,1,1,3,4,7,7,,,2,1,,,,,4,6,6,6,5,5,5,5,7,7,6,6,5,5,6,6,,,,,,,,,,,,,,,,,,,,,,,,,,,,,,,,,,,,,,,,,,,,,,-1,
R_2amNp9n8JxcDfUS,Default Response Set,Anonymous,,,159.92.205.105,0,2016-03-08 10:10:56,2016-03-08 10:12:55,0,1,,1,,,,,,,,,,,,,,,,,,,,,,,,,,,,,,,,,,,,,,,,,,,,,,,,,,,,,,,,,,,,,,,,,,,,,,,,,,-1,
R_sSfPlH87C7B96kV,Default Response Set,Anonymous,,,158.223.68.16,0,2016-03-08 10:29:46,2016-03-08 10:31:51,0,1,1,,,,,,,,,,,,,,,,,,,,,,,,,,,,,,,,,,,,,,,,,,,,,,,,,,,,,,,,,,,,,,,,,,,,,,,,,,,-1,
R_8exNbR9hOPz6T3r,Default Response Set,Anonymous,,,213.205.251.238,0,2016-03-08 12:24:27,2016-03-08 12:26:54,0,1,,1,4,6,7,2,,,5,5,,,,,,,,,,,,,2,6,,,,,1,6,,,,,,,,,,,,,,,,,,,,,,,,,,,,,,,,,,,,,,,,,,,,,,-1,
R_1jpTmLJukCJV8cV,Default Response Set,Anonymous,,,88.105.49.127,0,2016-03-08 13:02:54,2016-03-08 13:05:14,0,1,1,1,,,,,,,4,4,,,,,,,2,5,,,,,,,,,,,,,,,,,,,,,,,,,,,,,,,,,,,,,,,,,,,,,,,,,,,,,,,,,,-1,
R_1k0x2F4nT0Wq4NU,Default Response Set,Anonymous,,,158.223.166.44,0,2016-03-08 13:22:17,2016-03-08 13:22:37,0,1,,,,,,,,,,,,,,,,,,,,,,,,,,,,,,,,,,,,,,,,,,,,,,,,,,,,,,,,,,,,,,,,,,,,,,,,,,,,-1,
R_2ZDM0QIKMgfNkXI,Default Response Set,Anonymous,,,94.119.67.131,0,2016-03-08 13:31:12,2016-03-08 13:31:47,0,1,1,,,,,,,,,,,,,,,,,,,,,,,,,,,,,,,,,,,,,,,,,,,,,,,,,,,,,,,,,,,,,,,,,,,,,,,,,,,-1,
R_5B9aTE1qcGcylPP,Default Response Set,Anonymous,,,213.246.186.187,0,2016-03-08 13:56:56,2016-03-08 13:57:34,0,1,,,,,,,,,,,,,,,,,,,,,,,,,,,,,,,,,,,,,,,,,,,,,,,,,,,,,,,,,,,,,,,,,,,,,,,,,,,,-1,
R_1K1LF388P99BBaT,Default Response Set,Anonymous,,,86.143.152.37,0,2016-03-08 09:13:45,2016-03-08 14:02:09,0,1,1,,,,,,,,,,,,,,,,,,,,,,,,,,,,,,,,,,,,,,,,,,,,,,,,,,,,,,,,,,,,,,,,,,,,,,,,,,,-1,
R_2ykB2auG0wXxV1X,Default Response Set,Anonymous,,,133.50.230.232,0,2016-03-08 04:59:54,2016-03-08 15:35:34,0,1,1,1,,,,,,,,,,,,,,,,,,,,,,,,,,,,,,,,,,,,,,,,,,,,,,,,,,,,,,,,,,,,,,,,,,,,,,,,,,-1,
R_1hW6G7AnKKjent6,Default Response Set,Anonymous,,,217.169.37.146,0,2016-03-08 15:56:03,2016-03-08 15:57:40,0,1,1,1,,,,,2,6,,,,,1,5,,,,,,,,,,,,,,,,,,,,,,,,,,,,,,,,,,,,,,,,,,,,,,,,,,,,,,,,,,,,,,-1,
R_1opZybegxFlDRkg,Default Response Set,Anonymous,,,217.14.238.230,0,2016-03-08 16:49:39,2016-03-08 16:50:39,0,1,1,1,,,5,6,,,,,,,4,4,,,,,,,,,,,,,,,,,,,,,,,,,,,,,,,,,,,,,,,,,,,,,,,,,,,,,,,,,,,,,,-1,
R_2QFMU1aTmffdJeA,Default Response Set,Anonymous,,,90.196.55.245,0,2016-03-08 22:19:25,2016-03-08 22:20:36,0,1,,1,,,,,6,5,,,,,,,,,,,,,,,4,4,,,,,,,,,,,,,,,,,,,,,,,,,,,,,,,,,,,,,,,,,,,,,,,,,,,,-1,
R_ywkoa5HNcw6hqHD,Default Response Set,Anonymous,,,90.218.214.240,0,2016-03-07 22:30:25,2016-03-08 23:16:45,0,1,1,1,,,,,,,,,,,,,,,,,1,6,2,4,,,,,,,,,,,,,,,,,,,,,,,,,,,,,,,,,,,,,,,,,,,,,,,,,,,,,,-1,
R_3Ldpc5N4ZG5XbcT,Default Response Set,Anonymous,,,68.41.244.52,0,2016-03-08 23:16:48,2016-03-08 23:18:42,0,1,1,,,,,,,,,,,,,,,,,,,,,,,,,,,,,,,,,,,,,,,,,,,,,,,,,,,,,,,,,,,,,,,,,,,,,,,,,,,-1,
R_3k7zNBbgFDOTLqA,Default Response Set,Anonymous,,,86.176.108.58,0,2016-03-07 22:37:37,2016-03-08 23:31:39,0,1,1,,,,,,,,,,,,,,,,,,,,,,,,,,,,,,,,,,,,,,,,,,,,,,,,,,,,,,,,,,,,,,,,,,,,,,,,,,,-1,
R_2v1jWOUHQmzhUwT,Default Response Set,Anonymous,,,134.228.35.159,0,2016-03-08 23:34:50,2016-03-09 00:32:24,0,1,1,,,,,,,,,,,,,,,,,,,,,,,,,,,,,,,,,,,,,,,,,,,,,,,,,,,,,,,,,,,,,,,,,,,,,,,,,,,-1,
R_1jOeZV4B8b4D4Lg,Default Response Set,Anonymous,,,99.62.58.176,0,2016-03-09 02:13:27,2016-03-09 02:15:34,0,1,1,1,,,,,,,,,,,,,,,4,4,,,,,4,4,,,,,,,,,,,,,,,,,,,,,,,,,,,,,,,,,,,,,,,,,,,,,,,,,,,,-1,
R_1FrYTzBqHTaxsu2,Default Response Set,Anonymous,,,92.233.113.171,0,2016-03-08 13:12:23,2016-03-09 10:00:49,0,1,,,,,,,,,,,,,,,,,,,,,,,,,,,,,,,,,,,,,,,,,,,,,,,,,,,,,,,,,,,,,,,,,,,,,,,,,,,,-1,
R_TjcqV7RIfFTX5oR,Default Response Set,Anonymous,,,82.71.191.76,0,2016-03-09 14:27:50,2016-03-09 14:28:05,0,1,1,,,,,,,,,,,,,,,,,,,,,,,,,,,,,,,,,,,,,,,,,,,,,,,,,,,,,,,,,,,,,,,,,,,,,,,,,,,-1,
R_1jfvofW6G13hRnY,Default Response Set,Anonymous,,,87.112.30.210,0,2016-03-09 10:11:20,2016-03-10 09:24:34,0,1,1,1,,,,,,,4,5,,,,,2,2,,,,,,,,,,,,,,,,,,,,,,,,,,,,,,,,,,,,,,,,,,,,,,,,,,,,,,,,,,,,-1,
R_sF2GpM673mOZk9r,Default Response Set,Anonymous,,,31.153.88.238,0,2016-03-10 18:40:42,2016-03-10 18:43:01,0,1,1,1,1,2,,,,,,,,,,,,,,,,,3,4,,,,,,,,,,,,,,,,,,,,,,,,,,,,,,,,,,,,,,,,,,,,,,,,,,,,,,-1,
R_2fvr3XxErEVlzj5,Default Response Set,Anonymous,,,67.85.70.165,0,2016-03-17 19:44:50,2016-03-17 19:57:38,1,1,1,1,6,6,6,6,2,2,6,6,6,6,7,6,3,6,4,5,6,6,4,4,5,5,3,5,5,6,3,5,4,2,3,2,3,2,2,3,4,4,3,2,3,4,5,2,1,1,1,2,1,2,1,2,2,1,1,1,1,1,1,1,1,1,2,19,American,2,,1,,1,1,40.891296386719,-73.844802856445,-1,
R_2ur21sSrSBVXOya,Default Response Set,Anonymous,,,130.25.243.251,0,2016-03-10 21:32:10,2016-03-10 21:34:35,0,1,1,,,,,,,,,,,,,,,,,,,,,,,,,,,,,,,,,,,,,,,,,,,,,,,,,,,,,,,,,,,,,,,,,,,,,,,,,,,-1,
R_UGxXvdCxMcTihBT,Default Response Set,Anonymous,,,108.171.130.189,0,2016-03-10 19:58:29,2016-03-10 22:11:19,0,1,,1,4,4,,,6,6,,,,,,,,,,,,,,,,,,,,,,,,,,,,,,,,,,,,,,,,,,,,,,,,,,,,,,,,,,,,,,,,,,,,-1,
R_2EAjq70v1sbVbpe,Default Response Set,Anonymous,,,217.22.190.233,0,2016-03-11 09:29:10,2016-03-11 09:31:40,0,1,1,1,,,,,,,,,,,3,4,,,,,,,3,4,,,,,,,,,,,,,,,,,,,,,,,,,,,,,,,,,,,,,,,,,,,,,,,,,,,,,,-1,
R_2Ve7jmk4gKjetik,Default Response Set,Anonymous,,,87.155.93.182,0,2016-03-18 09:24:14,2016-03-18 09:40:59,1,1,,1,1,4,1,7,1,6,4,4,2,5,4,4,1,2,2,6,1,5,1,7,2,6,5,4,1,7,1,4,1,1,1,1,1,1,1,1,1,1,1,1,1,1,4,3,1,1,1,1,1,,1,3,1,1,1,1,1,1,1,1,1,1,1,27,german,2,,1,,1,1,50.15739440918,8.635498046875,-1,
R_RWj4XniSbTlcbhT,Default Response Set,Anonymous,,,,1,2016-03-18 13:00:13,2016-03-18 13:19:36,1,1,1,1,3,6,3,5,4,5,6,5,4,6,5,5,4,5,6,6,2,5,6,5,3,5,4,5,3,6,5,5,4,4,2,3,2,4,2,2,2,4,4,5,2,2,5,2,1,1,1,1,1,1,1,2,1,2,1,1,1,1,1,1,1,1,2,19,British/Irish,2,,1,,1,1,51.514404296875,-0.094100952148438,-1,
R_YWRDAlslw6LtrWh,Default Response Set,Anonymous,,,5.67.184.162,0,2016-03-12 11:08:23,2016-03-12 11:11:25,0,1,1,1,,,,,,,,,,,,,,,,,,,,,,,,,,,,,,,,,,,,,,,,,,,,,,,,,,,,,,,,,,,,,,,,,,,,,,,,,,-1,
R_a3pvEcDx1uGhWux,Default Response Set,Anonymous,,,84.75.200.189,0,2016-03-19 14:35:55,2016-03-19 14:53:05,1,1,1,1,6,6,4,4,5,6,6,6,6,5,4,4,4,5,2,4,2,4,4,4,2,5,3,5,5,5,5,5,2,3,1,3,4,4,3,1,1,5,3,3,1,2,5,1,1,1,1,1,1,1,1,,1,1,1,1,1,1,1,1,1,1,2,31,Swiss,2,,5,didn't finish high school,1,1,46.536407470703,6.5894927978516,-1,
R_2qyHmMLMuvARIi3,Default Response Set,Anonymous,,,82.26.71.7,0,2016-03-21 11:53:59,2016-03-21 12:04:20,1,1,1,1,3,4,3,5,3,5,7,7,2,5,5,5,5,5,6,6,6,6,3,6,5,6,6,6,5,5,2,4,4,4,2,2,4,3,2,2,2,4,4,4,3,3,4,2,2,1,2,3,2,2,1,2,2,1,2,1,2,1,1,2,1,1,1,54,British,1,,2,,2,1,51.643203735352,-0.36050415039062,-1,
R_2cAVLjkYgOqCfqQ,Default Response Set,Anonymous,,,109.151.30.61,0,2016-03-21 18:36:58,2016-03-21 18:42:23,1,1,,1,7,6,6,6,7,7,5,6,5,6,5,5,5,6,5,6,3,5,6,6,5,6,5,6,7,7,6,6,1,1,1,1,1,2,1,1,1,1,1,1,1,1,2,1,1,1,1,1,1,1,1,1,1,1,1,1,1,1,1,1,1,1,2,25,British,1,,2,,1,1,51.455200195312,-2.5966033935547,-1,
R_31FOwW9cxFsIbyB,Default Response Set,Anonymous,,,95.154.222.241,0,2016-03-15 19:00:18,2016-03-15 19:08:45,0,1,1,1,,,,,,,,,,,,,,,5,5,,,3,3,,,,,,,,,,,,,,,,,,,,,,,,,,,,,,,,,,,,,,,,,,,,,,,,,,,,,,-1,
R_1lnK4ezy38c4o2I,Default Response Set,Anonymous,,,216.164.57.50,0,2016-03-19 17:28:27,2016-03-19 21:26:14,0,1,1,1,5,5,5,5,4,5,5,5,,,6,6,,,,,,,5,5,3,5,4,5,,,,,,,,,,,,,,,,,,,,,,,,,,,,,,,,,,,,,,,,,,,,,,,,,,-1,
