"name","rank","state_name","state_code","early_career_pay","mid_career_pay","make_world_better_percent","stem_percent","type","degree_length","in_state_total","out_of_state_total"
"Adams State University",16,"Colorado","CO",44400,81400,56,3,"Public","4 Year",18222,29238
"Adventist University of Health Sciences",14,"Florida","FL",51600,89800,88,5,"Private","4 Year",19350,19350
"Agnes Scott College",14,"Georgia","GA",46000,83600,57,26,"Private","4 Year",53490,53490
"Alabama State University",20,"Alabama","AL",39800,71500,61,16,"Public","4 Year",16490,24818
"Alaska Pacific University",3,"Alaska","AK",50300,90000,67,6,"Private","4 Year",28130,28130
"Albany College of Pharmacy and Health Sciences",1,"New-York","NY",81000,144800,82,2,"Private","4 Year",46025,46025
"Albertus Magnus College",18,"Connecticut","CT",49700,85900,62,2,"Private","4 Year",45260,45260
"Albion College",7,"Michigan","MI",52100,99300,44,23,"Private","4 Year",58155,58155
"Alcorn State University",10,"Mississippi","MS",40900,69500,67,19,"Public","4 Year",16752,16752
"Allen College",5,"Iowa","IA",51600,91300,NA,0,"Private","4 Year",27252,27252
"Alma College",15,"Michigan","MI",48400,89900,52,15,"Private","4 Year",51256,51256
"Amberton University",24,"Texas","TX",52800,93600,57,0,"Private","4 Year",12840,12840
"Amherst College",10,"Massachusetts","MA",63800,116500,45,32,"Private","4 Year",71166,71166
"Amridge University",24,"Alabama","AL",35700,65900,NA,0,"Private","4 Year",6900,6900
"Andrews University",21,"Michigan","MI",47600,85000,51,7,"Private","4 Year",38366,38366
"Appalachian State University",15,"North-Carolina","NC",46600,82700,47,9,"Public","4 Year",15518,30325
"Arizona Christian University",5,"Arizona","AZ",42600,76600,NA,7,"Private","4 Year",37470,37470
"Arkansas Tech University",13,"Arkansas","AR",45000,76900,54,7,"Public","4 Year",16938,23718
"Armstrong State University",16,"Georgia","GA",46600,81500,60,10,"Public","4 Year",17769,31251
"Asbury University",20,"Kentucky","KY",39400,70800,59,4,"Private","4 Year",37358,37358
"Athens State University",15,"Alabama","AL",45000,78800,51,9,"Public","4 Year",6810,12870
"Auburn University",1,"Alabama","AL",54400,104500,51,31,"Public","4 Year",24608,43856
"Auburn University at Montgomery",13,"Alabama","AL",45000,79600,61,12,"Public","4 Year",17268,29028
"Augsburg University",12,"Minnesota","MN",50500,91000,52,11,"Private","4 Year",49080,49080
"Augusta University",13,"Georgia","GA",47000,84400,69,10,"Public","4 Year",20398,39436
"Augustana University",3,"South-Dakota","SD",47900,88400,54,18,"Private","4 Year",41266,41266
"Austin Peay State University",20,"Tennessee","TN",44200,78200,63,10,"Public","4 Year",19111,35167
"Avila University",17,"Missouri","MO",45900,81200,68,3,"Private","4 Year",27100,27100
"Babson College",4,"Massachusetts","MA",72000,133800,37,0,"Private","4 Year",67416,67416
"Baker University",10,"Kansas","KS",47800,84200,55,2,"Private","4 Year",38240,38240
"Ball State University",22,"Indiana","IN",45600,83700,48,7,"Public","4 Year",20130,36702
"Barnard College",19,"New-York","NY",59200,109800,57,19,"Private","4 Year",72257,72257
"Barry University",24,"Florida","FL",47400,84400,66,12,"Private","4 Year",40950,40950
"Barton College",24,"North-Carolina","NC",42400,77900,62,6,"Private","4 Year",41000,41000
"Bastyr University",22,"Washington","WA",48400,86300,NA,0,"Private","4 Year",33756,33756
"Bates College",3,"Maine","ME",59500,111900,50,23,"Private","4 Year",69018,69018
"Baylor University",12,"Texas","TX",55500,101400,49,16,"Private","4 Year",58322,58322
"Belhaven University",7,"Mississippi","MS",41200,74300,60,2,"Private","4 Year",33800,33800
"Bellarmine University",3,"Kentucky","KY",49000,90700,54,11,"Private","4 Year",54450,54450
"Bellevue College",18,"Washington","WA",50100,88500,56,14,"Public","2 Year",4258,9689
"Bellevue University",10,"Nebraska","NE",49400,84800,57,23,"Private","4 Year",18120,18120
"Bellin College",6,"Wisconsin","WI",55800,97600,94,0,"Private","4 Year",22178,22178
"Belmont Abbey College",14,"North-Carolina","NC",46700,82900,49,7,"Private","4 Year",28855,28855
"Belmont University",17,"Tennessee","TN",47300,80900,47,3,"Private","4 Year",46430,46430
"Beloit College",17,"Wisconsin","WI",47400,85700,59,24,"Private","4 Year",58870,58870
"Benedict College",24,"South-Carolina","SC",38100,67500,61,19,"Private","4 Year",22800,22800
"Benedictine College",3,"Kansas","KS",48700,91800,69,13,"Private","4 Year",39830,39830
"Bennington College",6,"Vermont","VT",48800,90000,50,5,"Private","4 Year",69970,69970
"Bentley University",9,"Massachusetts","MA",66600,116600,36,7,"Private","4 Year",66200,66200
"Berea College",19,"Kentucky","KY",39500,71600,53,27,"Private","4 Year",46754,46754
"Berry College",12,"Georgia","GA",44900,84900,44,21,"Private","4 Year",49326,49326
"Black Hills State University",10,"South-Dakota","SD",40400,72600,51,11,"Public","4 Year",15711,18756
"Bloomfield College",23,"New-Jersey","NJ",48400,89100,55,17,"Private","4 Year",41500,41500
"Bluefield State College",15,"West-Virginia","WV",43200,72800,60,3,"Public","4 Year",8820,16920
"Boise State University",4,"Idaho","ID",50100,86400,55,14,"Public","4 Year",18386,34468
"Boston College",11,"Massachusetts","MA",63600,115400,43,13,"Private","4 Year",69942,69942
"Boston University",13,"Massachusetts","MA",61400,113600,43,25,"Private","4 Year",69668,69668
"Bowdoin College",2,"Maine","ME",61300,112000,54,37,"Private","4 Year",68620,68620
"Bowie State University",18,"Maryland","MD",50300,89900,65,11,"Public","4 Year",19137,29777
"Bradley University",6,"Illinois","IL",55600,104900,46,38,"Private","4 Year",44380,44380
"Brandeis University",14,"Massachusetts","MA",60600,113200,48,29,"Private","4 Year",70835,70835
"Brescia University",10,"Kentucky","KY",44300,81200,53,7,"Private","4 Year",31600,31600
"Brigham Young University-Hawaii",1,"Hawaii","HI",51700,93900,57,12,"Private","4 Year",12146,12146
"Brigham Young University-Idaho",2,"Idaho","ID",53700,93500,59,14,"Private","4 Year",8710,8710
"Brown University",1,"Rhode-Island","RI",68200,127600,45,43,"Private","4 Year",70326,70326
"Bryant University",2,"Rhode-Island","RI",60500,108600,37,8,"Private","4 Year",59675,59675
"Bucknell University",5,"Pennsylvania","PA",66700,122900,40,40,"Private","4 Year",69754,69754
"Butler University",7,"Indiana","IN",51800,99300,53,9,"Private","4 Year",54950,54950
"California Institute of Technology",3,"California","CA",84100,151600,53,97,"Private","4 Year",67887,67887
"Calvin College",13,"Michigan","MI",50200,91100,54,23,"Private","4 Year",44800,44800
"Cameron University",11,"Oklahoma","OK",43900,81500,54,14,"Public","4 Year",11902,21322
"Campbell University",16,"North-Carolina","NC",46300,82400,56,8,"Private","4 Year",43930,43930
"Campbellsville University",24,"Kentucky","KY",37600,66800,50,7,"Private","4 Year",33400,33400
"Capitol Technology University",2,"Maryland","MD",67400,118400,63,88,"Private","4 Year",31136,31136
"Cardinal Stritch University",20,"Wisconsin","WI",47000,82500,51,2,"Private","4 Year",38438,38438
"Carleton College",1,"Minnesota","MN",58800,109900,47,45,"Private","4 Year",68844,68844
"Carnegie Mellon University",1,"Pennsylvania","PA",75900,136100,45,66,"Private","4 Year",69883,69883
"Carroll College",3,"Montana","MT",48200,91400,55,25,"Private","4 Year",45366,45366
"Carroll University",16,"Wisconsin","WI",45600,86500,49,14,"Private","4 Year",41402,41402
"Carson-Newman University",23,"Tennessee","TN",42700,76500,61,5,"Private","4 Year",36710,36710
"Carthage College",18,"Wisconsin","WI",48900,85400,48,17,"Private","4 Year",55540,55540
"Case Western Reserve University",1,"Ohio","OH",66600,117800,44,37,"Private","4 Year",64232,64232
"Castleton University",11,"Vermont","VT",41700,76200,52,6,"Public","4 Year",22912,38920
"Catawba College",22,"North-Carolina","NC",42500,78100,58,11,"Private","4 Year",41008,41008
"Centenary College of Louisiana",10,"Louisiana","LA",47000,88400,37,26,"Private","4 Year",49980,49980
"Central Baptist College",18,"Arkansas","AR",36900,68000,NA,3,"Private","4 Year",23700,23700
"Central Christian College of Kansas",25,"Kansas","KS",37100,66100,NA,2,"Private","4 Year",34960,34960
"Central College",9,"Iowa","IA",49000,88800,55,36,"Private","4 Year",47575,47575
"Central Connecticut State University",12,"Connecticut","CT",53100,93700,45,15,"Public","4 Year",22792,34032
"Central Michigan University",23,"Michigan","MI",47700,83600,46,13,"Public","4 Year",23036,23036
"Central Washington University",14,"Washington","WA",52700,93200,47,13,"Public","4 Year",19187,34168
"Centre College",4,"Kentucky","KY",49500,88500,52,22,"Private","4 Year",52180,52180
"Chadron State College",16,"Nebraska","NE",42300,76700,66,3,"Public","4 Year",14576,14576
"Chaminade University of Honolulu",4,"Hawaii","HI",45400,84000,55,3,"Private","4 Year",39004,39004
"Champlain College",7,"Vermont","VT",51100,88400,39,14,"Private","4 Year",56364,56364
"Charles R Drew University of Medicine and Science",5,"California","CA",78300,135700,NA,3,"Private","4 Year",17440,17440
"Charleston Southern University",17,"South-Carolina","SC",42800,76300,65,9,"Private","4 Year",35700,35700
"Charter Oak State College",18,"Connecticut","CT",49200,85900,68,2,"Public","4 Year",10161,13101
"Christian Brothers University",4,"Tennessee","TN",51500,96500,60,14,"Private","4 Year",40220,40220
"Christopher Newport University",17,"Virginia","VA",50800,87200,55,25,"Public","4 Year",26214,38680
"Claremont McKenna College",9,"California","CA",68500,125400,43,16,"Private","4 Year",71110,71110
"Clark Atlanta University",18,"Georgia","GA",46300,81100,54,15,"Private","4 Year",32960,32960
"Clark College",24,"Washington","WA",43500,78400,NA,9,"Public","2 Year",4287,9718
"Clark University",23,"Massachusetts","MA",52600,101400,47,14,"Private","4 Year",54900,54900
"Clarke University",20,"Iowa","IA",44900,80200,52,6,"Private","4 Year",42950,42950
"Clarkson College",4,"Nebraska","NE",50900,91500,74,0,"Private","4 Year",22318,22318
"Clarkson University",8,"New-York","NY",66400,130100,58,58,"Private","4 Year",64352,64352
"Cleary University",22,"Michigan","MI",47400,84700,50,0,"Private","4 Year",29850,29850
"Clemson University",2,"South-Carolina","SC",57500,106700,50,39,"Public","4 Year",25802,47556
"Cleveland State University",21,"Ohio","OH",48300,88600,51,20,"Public","4 Year",24185,28552
"Coastal Carolina University",13,"South-Carolina","SC",44700,77600,48,14,"Public","4 Year",20726,35838
"Coe College",13,"Iowa","IA",47200,86900,41,24,"Private","4 Year",54480,54480
"Colby College",4,"Maine","ME",59200,103300,50,25,"Private","4 Year",69400,69400
"Colby-Sawyer College",9,"New-Hampshire","NH",46400,83700,43,7,"Private","4 Year",56662,56662
"Colgate University",7,"New-York","NY",68400,130600,41,26,"Private","4 Year",69865,69865
"College for Creative Studies",16,"Michigan","MI",51200,89800,40,0,"Private","4 Year",52910,52910
"College of Charleston",8,"South-Carolina","SC",47300,85100,44,20,"Public","4 Year",24904,44086
"College of Saint Mary",14,"Nebraska","NE",43900,77700,45,9,"Private","4 Year",28050,28050
"College of the Holy Cross",12,"Massachusetts","MA",61800,114600,46,24,"Private","4 Year",67290,67290
"College of William and Mary",5,"Virginia","VA",59000,108900,42,21,"Public","4 Year",35636,56937
"Colorado Christian University",17,"Colorado","CO",46800,80100,70,2,"Private","4 Year",43712,43712
"Colorado College",5,"Colorado","CO",53100,97900,48,23,"Private","4 Year",67982,67982
"Colorado Mesa University",14,"Colorado","CO",47800,81500,55,7,"Public","4 Year",20168,33365
"Colorado School of Mines",1,"Colorado","CO",75600,139600,60,93,"Public","4 Year",32133,51753
"Columbia International University",25,"South-Carolina","SC",36600,66200,62,0,"Private","4 Year",31840,31840
"Columbus State University",25,"Georgia","GA",43300,77900,59,10,"Public","4 Year",17080,30562
"Concord University",13,"West-Virginia","WV",41700,75800,53,9,"Public","4 Year",16884,26308
"Connecticut College",8,"Connecticut","CT",57500,100800,36,30,"Private","4 Year",69970,69970
"Converse College",21,"South-Carolina","SC",39000,71000,60,8,"Private","4 Year",29620,29620
"Cooper Union for the Advancement of Science and Art",11,"New-York","NY",68500,126200,46,56,"Private","4 Year",63338,63338
"Corban University",21,"Oregon","OR",42500,77300,63,1,"Private","4 Year",43268,43268
"Cornell College",6,"Iowa","IA",49600,90600,47,22,"Private","4 Year",51683,51683
"Cornell University",9,"New-York","NY",70100,128200,45,43,"Private","4 Year",70004,70004
"Cornish College of the Arts",21,"Washington","WA",49000,86400,39,0,"Private","4 Year",54042,54042
"Covenant College",24,"Georgia","GA",44400,79400,62,19,"Private","4 Year",44590,44590
"Creighton University",2,"Nebraska","NE",53500,95800,56,9,"Private","4 Year",50952,50952
"Cumberland University",16,"Tennessee","TN",45500,81000,61,3,"Private","4 Year",32180,32180
"Dakota State University",5,"South-Dakota","SD",48400,84300,49,53,"Public","4 Year",16149,19122
"Dakota Wesleyan University",9,"South-Dakota","SD",41800,75700,52,10,"Private","4 Year",34650,34650
"Dartmouth College",1,"New-Hampshire","NH",71500,130900,44,35,"Private","4 Year",71209,71209
"Davidson College",3,"North-Carolina","NC",57300,106900,50,28,"Private","4 Year",65819,65819
"Delaware State University",3,"Delaware","DE",46300,81900,62,10,"Public","4 Year",20058,29094
"Delta State University",8,"Mississippi","MS",40800,74200,63,5,"Public","4 Year",14968,14968
"Denison University",5,"Ohio","OH",54400,104800,45,22,"Private","4 Year",64670,64670
"DePaul University",8,"Illinois","IL",55700,102900,43,15,"Private","4 Year",54210,54210
"DePauw University",5,"Indiana","IN",56600,101000,47,24,"Private","4 Year",62724,62724
"Dickinson College",21,"Pennsylvania","PA",55800,100100,46,25,"Private","4 Year",68359,68359
"Dickinson State University",5,"North-Dakota","ND",46400,81200,55,8,"Public","4 Year",13663,16442
"Dillard University",17,"Louisiana","LA",44700,79800,74,20,"Private","4 Year",28199,28199
"Dordt College",8,"Iowa","IA",51000,89600,57,17,"Private","4 Year",40460,40460
"Drake University",2,"Iowa","IA",52800,99900,49,7,"Private","4 Year",51924,51924
"Drew University",16,"New-Jersey","NJ",52800,95000,37,16,"Private","4 Year",53608,53608
"Drexel University",9,"Pennsylvania","PA",61700,114800,47,28,"Private","4 Year",67358,67358
"Drury University",19,"Missouri","MO",42600,79400,60,12,"Private","4 Year",36461,36461
"Duke University",1,"North-Carolina","NC",71100,132100,50,26,"Private","4 Year",70873,70873
"Earlham College",13,"Indiana","IN",49100,88400,57,31,"Private","4 Year",56850,56850
"East Carolina University",11,"North-Carolina","NC",48400,85400,55,11,"Public","4 Year",16794,33071
"East Central University",17,"Oklahoma","OK",44700,77500,66,9,"Public","4 Year",12324,23214
"East Tennessee State University",22,"Tennessee","TN",43700,77300,57,8,"Public","4 Year",17749,36931
"Eastern Connecticut State University",17,"Connecticut","CT",49200,87800,43,14,"Public","4 Year",24916,36156
"Eastern Kentucky University",11,"Kentucky","KY",45600,80700,56,5,"Public","4 Year",18314,28092
"Eastern Michigan University",18,"Michigan","MI",47300,86700,50,6,"Public","4 Year",23813,23813
"Eastern Oregon University",23,"Oregon","OR",44000,73900,56,5,"Public","4 Year",18719,30779
"Eastern Washington University",20,"Washington","WA",49500,87500,52,17,"Public","4 Year",20116,37237
"Eckerd College",17,"Florida","FL",49200,88400,52,25,"Private","4 Year",57128,57128
"Edgewood College",15,"Wisconsin","WI",49500,87500,54,5,"Private","4 Year",40520,40520
"Elon University",6,"North-Carolina","NC",53600,93700,43,7,"Private","4 Year",47549,47549
"Emory University",2,"Georgia","GA",62000,110800,44,20,"Private","4 Year",65762,65762
"Emporia State University",19,"Kansas","KS",43500,78000,60,9,"Public","4 Year",15670,29587
"Erskine College",12,"South-Carolina","SC",43500,78000,57,28,"Private","4 Year",45460,45460
"Fairfield University",4,"Connecticut","CT",62300,116900,41,17,"Private","4 Year",63060,63060
"Fairmont State University",14,"West-Virginia","WV",42900,74100,53,7,"Public","4 Year",16518,25328
"Faulkner University",21,"Alabama","AL",39400,71300,61,2,"Private","4 Year",29440,29440
"Felician University",11,"New-Jersey","NJ",53200,98200,51,10,"Private","4 Year",47195,47195
"Ferris State University",17,"Michigan","MI",50000,89300,50,8,"Public","4 Year",22524,22524
"Ferrum College",25,"Virginia","VA",43000,80600,54,6,"Private","4 Year",45675,45675
"Fisk University",11,"Tennessee","TN",45300,83600,53,39,"Private","4 Year",32270,32270
"Florida Agricultural and Mechanical University",25,"Florida","FL",48000,83900,62,8,"Public","4 Year",16421,28362
"Florida Atlantic University",11,"Florida","FL",49400,91200,51,15,"Public","4 Year",17935,33491
"Florida Institute of Technology",3,"Florida","FL",58300,105400,53,48,"Private","4 Year",54730,54730
"Florida International University",13,"Florida","FL",49600,90100,51,16,"Public","4 Year",17440,29838
"Florida State University",8,"Florida","FL",50800,92700,49,18,"Public","4 Year",17332,32499
"Fordham University",17,"New-York","NY",58700,112500,38,10,"Private","4 Year",70656,70656
"Fort Hays State University",16,"Kansas","KS",45100,79300,64,6,"Public","4 Year",13433,23501
"Fort Lewis College",13,"Colorado","CO",48300,82600,55,19,"Public","4 Year",18918,29574
"Francis Marion University",13,"South-Carolina","SC",42900,77600,58,18,"Public","4 Year",19108,29492
"Franklin College",16,"Indiana","IN",48900,86200,45,21,"Private","4 Year",41956,41956
"Franklin Pierce University",7,"New-Hampshire","NH",47800,85600,52,3,"Private","4 Year",50245,50245
"Freed-Hardeman University",20,"Tennessee","TN",43700,78200,54,9,"Private","4 Year",30210,30210
"Friends University",21,"Kansas","KS",44700,76500,59,14,"Private","4 Year",36387,36387
"Frostburg State University",21,"Maryland","MD",49600,87000,48,19,"Public","4 Year",19374,33094
"George Fox University",13,"Oregon","OR",51200,89600,52,8,"Private","4 Year",47270,47270
"George Mason University",8,"Virginia","VA",58900,105700,48,23,"Public","4 Year",23922,47382
"Georgetown College",9,"Kentucky","KY",45000,81900,54,10,"Private","4 Year",48430,48430
"Georgia Southern University",8,"Georgia","GA",49000,88000,49,17,"Public","4 Year",17492,30974
"Georgia State University",7,"Georgia","GA",50600,90800,47,18,"Public","4 Year",22236,40810
"Gettysburg College",12,"Pennsylvania","PA",58400,109300,39,24,"Private","4 Year",67490,67490
"Glenville State College",17,"West-Virginia","WV",37400,67700,60,3,"Public","4 Year",7327,16565
"Goddard College",10,"Vermont","VT",42700,76900,NA,0,"Private","4 Year",18284,18284
"Goldey-Beacom College",2,"Delaware","DE",49800,86900,42,25,"Private","4 Year",30700,30700
"Gonzaga University",4,"Washington","WA",57800,107600,51,19,"Private","4 Year",55154,55154
"Goucher College",17,"Maryland","MD",49400,90600,42,11,"Private","4 Year",58806,58806
"Grambling State University",21,"Louisiana","LA",43100,73100,66,10,"Public","4 Year",14627,23650
"Granite State College",13,"New-Hampshire","NH",43500,76900,67,3,"Public","4 Year",9645,10875
"Green Mountain College",12,"Vermont","VT",42000,75200,57,2,"Private","4 Year",48724,48724
"Grinnell College",4,"Iowa","IA",53400,96500,49,41,"Private","4 Year",65202,65202
"Grove City College",24,"Pennsylvania","PA",54400,98400,53,29,"Private","4 Year",27700,27700
"Gustavus Adolphus College",7,"Minnesota","MN",51200,96800,47,22,"Private","4 Year",55310,55310
"Hamilton College",23,"New-York","NY",62600,108100,45,25,"Private","4 Year",68490,68490
"Hamline University",14,"Minnesota","MN",48100,90400,52,5,"Private","4 Year",51656,51656
"Hampden-Sydney College",6,"Virginia","VA",58300,108600,52,20,"Private","4 Year",59304,59304
"Hampton University",13,"Virginia","VA",52700,92600,61,12,"Private","4 Year",38480,38480
"Hanover College",18,"Indiana","IN",47500,85100,53,24,"Private","4 Year",49250,49250
"Harding University",4,"Arkansas","AR",49200,88600,47,10,"Private","4 Year",27179,27179
"Harvey Mudd College",1,"California","CA",88800,158200,55,85,"Private","4 Year",75003,75003
"Hastings College",8,"Nebraska","NE",48600,87100,55,14,"Private","4 Year",39750,39750
"Haverford College",10,"Pennsylvania","PA",59300,112300,47,36,"Private","4 Year",70994,70994
"Hawaii Pacific University",2,"Hawaii","HI",52200,93500,56,15,"Private","4 Year",40780,40780
"Henderson State University",10,"Arkansas","AR",42900,79800,57,5,"Public","4 Year",15940,17590
"Hendrix College",2,"Arkansas","AR",48100,90300,58,33,"Private","4 Year",58074,58074
"Heritage University",25,"Washington","WA",41100,73600,NA,17,"Private","4 Year",18124,18124
"High Point University",12,"North-Carolina","NC",48600,84300,50,8,"Private","4 Year",49248,49248
"Hofstra University",18,"New-York","NY",57300,110400,38,7,"Private","4 Year",62708,62708
"Holy Cross College",15,"Indiana","IN",48100,87800,NA,0,"Private","4 Year",42320,42320
"Hood College",25,"Maryland","MD",47900,82600,49,32,"Private","4 Year",52192,52192
"Hope College",14,"Michigan","MI",49200,90900,51,18,"Private","4 Year",44320,44320
"Huntingdon College",14,"Alabama","AL",42400,78900,69,14,"Private","4 Year",37150,37150
"Husson University",10,"Maine","ME",43300,77600,52,1,"Private","4 Year",28010,28010
"Idaho State University",3,"Idaho","ID",50800,91800,64,12,"Public","4 Year",14627,30147
"Illinois Institute of Technology",1,"Illinois","IL",64600,118500,47,64,"Private","4 Year",60058,60058
"Illinois State University",16,"Illinois","IL",51200,95000,47,10,"Public","4 Year",24366,35890
"Illinois Wesleyan University",12,"Illinois","IL",53100,96000,44,18,"Private","4 Year",58620,58620
"Indiana Institute of Technology",19,"Indiana","IN",50000,84900,46,11,"Private","4 Year",36920,36920
"Indiana State University",17,"Indiana","IN",47900,85600,55,8,"Public","4 Year",19680,30426
"Iowa State University",1,"Iowa","IA",56100,101300,48,31,"Public","4 Year",17708,32112
"Jackson State University",6,"Mississippi","MS",41700,74600,67,16,"Public","4 Year",17778,29006
"Jacksonville State University",12,"Alabama","AL",43800,80000,61,7,"Public","4 Year",18525,28245
"Jacksonville University",12,"Florida","FL",50100,90400,66,5,"Private","4 Year",50750,50750
"James Madison University",9,"Virginia","VA",57400,102600,42,12,"Public","4 Year",22108,38508
"Jefferson College of Health Sciences",11,"Virginia","VA",55500,97600,86,1,"Private","4 Year",32756,32756
"John Brown University",5,"Arkansas","AR",47000,82700,53,9,"Private","4 Year",36152,36152
"John Carroll University",11,"Ohio","OH",51600,97300,39,16,"Private","4 Year",53214,53214
"John Wesley University",18,"North-Carolina","NC",45100,82100,NA,0,"Private","4 Year",16930,16930
"Johns Hopkins University",3,"Maryland","MD",67200,117100,57,31,"Private","4 Year",70076,70076
"Judson College",23,"Alabama","AL",37900,67600,65,13,"Private","4 Year",29100,29100
"Kalamazoo College",8,"Michigan","MI",51600,94500,52,31,"Private","4 Year",58272,58272
"Kansas City Art Institute",22,"Missouri","MO",42500,77700,37,0,"Private","4 Year",48800,48800
"Kansas State University",2,"Kansas","KS",52500,97200,51,18,"Public","4 Year",19943,35447
"Kansas Wesleyan University",15,"Kansas","KS",44700,79400,61,10,"Private","4 Year",39000,39000
"Kean University",22,"New-Jersey","NJ",48200,90000,51,10,"Public","4 Year",26818,33853
"Keene State College",10,"New-Hampshire","NH",48900,83600,49,8,"Public","4 Year",25238,34202
"Kennesaw State University",5,"Georgia","GA",52500,94600,46,22,"Public","4 Year",18899,32625
"Kentucky Christian University",22,"Kentucky","KY",39600,70300,68,3,"Private","4 Year",28090,28090
"Kentucky State University",18,"Kentucky","KY",40700,73100,57,13,"Public","4 Year",14780,26080
"Kentucky Wesleyan College",14,"Kentucky","KY",42100,76800,65,14,"Private","4 Year",36204,36204
"Kenyon College",7,"Ohio","OH",55000,103800,50,17,"Private","4 Year",68440,68440
"Kettering College",14,"Ohio","OH",54300,95800,NA,0,"Private","4 Year",20300,20300
"Kettering University",1,"Michigan","MI",69900,125000,44,74,"Private","4 Year",51730,51730
"Knox College",15,"Illinois","IL",50600,95400,45,24,"Private","4 Year",56424,56424
"La Salle University",15,"Pennsylvania","PA",55800,104800,40,5,"Private","4 Year",45640,45640
"Lafayette College",6,"Pennsylvania","PA",66500,122500,37,47,"Private","4 Year",68520,68520
"Lake Forest College",9,"Illinois","IL",55400,102600,46,21,"Private","4 Year",57454,57454
"Lake Superior State University",24,"Michigan","MI",45900,83500,48,14,"Public","4 Year",21972,21972
"Lakeview College of Nursing",18,"Illinois","IL",55000,94100,83,0,"Private","4 Year",16320,16320
"Lamar University",13,"Texas","TX",53300,101200,57,16,"Public","4 Year",19112,31562
"Lander University",15,"South-Carolina","SC",42600,77100,54,9,"Public","4 Year",20800,30400
"Langston University",11,"Oklahoma","OK",46500,81500,66,8,"Public","4 Year",15426,22776
"Lawrence Technological University",4,"Michigan","MI",57900,108400,49,60,"Private","4 Year",43520,43520
"Lawrence University",5,"Wisconsin","WI",51500,98800,58,25,"Private","4 Year",57816,57816
"Lehigh University",2,"Pennsylvania","PA",69500,134100,45,52,"Private","4 Year",66530,66530
"Lenoir-Rhyne University",10,"North-Carolina","NC",46400,86300,54,7,"Private","4 Year",48910,48910
"LeTourneau University",18,"Texas","TX",56600,98900,53,21,"Private","4 Year",40180,40180
"Lewis & Clark College",10,"Oregon","OR",50000,93200,51,12,"Private","4 Year",63424,63424
"Lewis University",25,"Illinois","IL",49700,89800,53,14,"Private","4 Year",43028,43028
"Lewis-Clark State College",7,"Idaho","ID",44900,77600,60,5,"Public","4 Year",14198,26816
"Limestone College",16,"South-Carolina","SC",42100,76500,57,10,"Private","4 Year",35765,35765
"Lindenwood University",21,"Missouri","MO",45100,78500,48,9,"Private","4 Year",26600,26600
"Lindsey Wilson College",25,"Kentucky","KY",35300,64100,52,2,"Private","4 Year",34235,34235
"Lipscomb University",9,"Tennessee","TN",49000,84800,59,12,"Private","4 Year",44796,44796
"Longwood University",21,"Virginia","VA",47300,83300,54,9,"Public","4 Year",25086,41046
"Loras College",7,"Iowa","IA",48000,90100,56,14,"Private","4 Year",42459,42459
"Louisiana College",17,"Louisiana","LA",44800,79800,58,4,"Private","4 Year",22618,22618
"Louisiana Tech University",3,"Louisiana","LA",53100,100700,57,24,"Public","4 Year",16140,25053
"Loyola Marymount University",18,"California","CA",58500,113300,39,9,"Private","4 Year",63012,63012
"Loyola University Chicago",12,"Illinois","IL",53400,96000,45,15,"Private","4 Year",58528,58528
"Loyola University Maryland",5,"Maryland","MD",59900,111200,40,8,"Private","4 Year",63515,63515
"Loyola University New Orleans",9,"Louisiana","LA",47900,88600,47,4,"Private","4 Year",53072,53072
"Luther College",14,"Iowa","IA",48200,85900,49,21,"Private","4 Year",51750,51750
"Lyndon State College",13,"Vermont","VT",41500,75100,49,8,"Public","4 Year",22672,35992
"Lynn University",22,"Florida","FL",46100,85000,45,2,"Private","4 Year",50380,50380
"Lyon College",15,"Arkansas","AR",41200,74300,53,33,"Private","4 Year",37920,37920
"Macalester College",6,"Minnesota","MN",53600,100400,51,31,"Private","4 Year",66500,66500
"Maharishi University of Management",16,"Iowa","IA",46800,85200,NA,65,"Private","4 Year",23930,23930
"Maine College of Art",17,"Maine","ME",36300,64600,37,0,"Private","4 Year",46890,46890
"Maine Maritime Academy",1,"Maine","ME",67000,121800,65,48,"Public","4 Year",23788,37408
"Manchester University",20,"Indiana","IN",46900,84700,56,10,"Private","4 Year",42338,42338
"Manhattan Christian College",24,"Kansas","KS",39400,72200,NA,0,"Private","4 Year",24942,24942
"Manhattan College",12,"New-York","NY",64000,125700,46,40,"Private","4 Year",59680,59680
"Marietta College",15,"Ohio","OH",51200,94300,57,45,"Private","4 Year",47360,47360
"Marquette University",2,"Wisconsin","WI",57800,105900,52,25,"Private","4 Year",54590,54590
"Marshall University",9,"West-Virginia","WV",45000,79700,50,12,"Public","4 Year",18578,29064
"Maryland Institute College of Art",24,"Maryland","MD",49000,84500,40,0,"Private","4 Year",61910,61910
"Marylhurst University",19,"Oregon","OR",46200,79800,63,0,"Private","4 Year",20835,20835
"Marymount University",12,"Virginia","VA",52300,93100,44,15,"Private","4 Year",44656,44656
"Maryville College",24,"Tennessee","TN",42800,75300,68,16,"Private","4 Year",46304,46304
"Maryville University of Saint Louis",18,"Missouri","MO",46800,80100,53,2,"Private","4 Year",38558,38558
"Massachusetts Institute of Technology",1,"Massachusetts","MA",86300,155200,52,69,"Private","4 Year",67342,67342
"Massachusetts Maritime Academy",8,"Massachusetts","MA",67900,117500,53,47,"Public","4 Year",22399,38777
"Mayville State University",4,"North-Dakota","ND",43700,81300,44,10,"Public","4 Year",14506,17239
"McDaniel College",12,"Maryland","MD",51100,94600,54,6,"Private","4 Year",54690,54690
"McNeese State University",11,"Louisiana","LA",50200,88200,57,13,"Public","4 Year",16563,27638
"McPherson College",14,"Kansas","KS",44500,80900,59,9,"Private","4 Year",37739,37739
"MCPHS University",6,"Massachusetts","MA",65900,121800,71,2,"Private","4 Year",49105,49105
"Medical University of South Carolina",5,"South-Carolina","SC",54800,92700,88,6,"Public","4 Year",26826,26826
"Menlo College",20,"California","CA",61900,112400,59,0,"Private","4 Year",57025,57025
"Mercer University",11,"Georgia","GA",48500,85100,62,14,"Private","4 Year",48510,48510
"Merrimack College",22,"Massachusetts","MA",56000,102500,50,13,"Private","4 Year",57605,57605
"Methodist College",23,"Illinois","IL",51400,90500,NA,0,"Private","4 Year",28240,28240
"Methodist University",19,"North-Carolina","NC",45800,80500,58,9,"Private","4 Year",46736,46736
"Metropolitan State University",20,"Minnesota","MN",50200,85900,53,11,"Public","4 Year",7879,14980
"Metropolitan State University of Denver",11,"Colorado","CO",49400,87200,51,11,"Public","4 Year",7665,20847
"Michigan State University",5,"Michigan","MI",55300,100800,46,20,"Public","4 Year",24782,50087
"Michigan Technological University",2,"Michigan","MI",65000,116300,47,81,"Public","4 Year",26402,44482
"Mid-America Christian University",21,"Oklahoma","OK",40700,74100,71,0,"Private","4 Year",26370,26370
"MidAmerica Nazarene University",18,"Kansas","KS",46200,78500,60,1,"Private","4 Year",39444,39444
"Middle Georgia State University",23,"Georgia","GA",44000,79800,57,11,"Public","4 Year",13688,22648
"Middle Tennessee State University",15,"Tennessee","TN",46500,81100,52,9,"Public","4 Year",18642,37800
"Middlebury College",1,"Vermont","VT",60400,109800,54,19,"Private","4 Year",69980,69980
"Midland University",13,"Nebraska","NE",43800,78100,60,7,"Private","4 Year",41334,41334
"Midway University",22,"Kentucky","KY",39200,70300,53,3,"Private","4 Year",33130,33130
"Miles College",25,"Alabama","AL",34800,65100,64,19,"Private","4 Year",18646,18646
"Milligan College",25,"Tennessee","TN",41200,74900,63,5,"Private","4 Year",40800,40800
"Millsaps College",3,"Mississippi","MS",49300,88700,56,24,"Private","4 Year",53640,53640
"Milwaukee School of Engineering",1,"Wisconsin","WI",65700,117600,50,69,"Private","4 Year",51138,51138
"Minneapolis College of Art and Design",24,"Minnesota","MN",47400,84700,39,0,"Private","4 Year",44820,44820
"Minot State University",7,"North-Dakota","ND",44500,74100,55,7,"Public","4 Year",13674,13674
"Mississippi College",5,"Mississippi","MS",45200,79500,57,20,"Private","4 Year",28326,28326
"Mississippi State University",1,"Mississippi","MS",51100,94100,57,27,"Public","4 Year",18850,33450
"Mississippi University for Women",10,"Mississippi","MS",39500,69500,63,2,"Public","4 Year",14464,14464
"Mississippi Valley State University",14,"Mississippi","MS",32500,61900,70,11,"Public","4 Year",14613,14613
"Missouri University of Science and Technology",1,"Missouri","MO",67300,122600,50,80,"Public","4 Year",20443,38773
"Missouri Western State University",22,"Missouri","MO",43400,77700,53,14,"Public","4 Year",6466,14137
"Monmouth University",18,"New-Jersey","NJ",52200,93200,44,13,"Private","4 Year",52119,52119
"Montana State University",2,"Montana","MT",53700,96200,54,31,"Public","4 Year",17521,34949
"Montana Tech of the University of Montana",1,"Montana","MT",61200,112600,64,61,"Public","4 Year",17067,32230
"Montclair State University",14,"New-Jersey","NJ",50800,95400,42,9,"Public","4 Year",28354,36142
"Morehead State University",16,"Kentucky","KY",41300,74900,56,9,"Public","4 Year",19130,23606
"Morehouse College",4,"Georgia","GA",55700,98700,58,26,"Private","4 Year",41012,41012
"Morningside College",19,"Iowa","IA",44900,82100,60,6,"Private","4 Year",41140,41140
"Mount Carmel College of Nursing",8,"Ohio","OH",56600,99700,78,0,"Private","4 Year",18907,18907
"Mount Marty College",8,"South-Dakota","SD",41400,76500,67,5,"Private","4 Year",35262,35262
"Mount Mercy University",22,"Iowa","IA",47200,79000,51,4,"Private","4 Year",41332,41332
"Mount St. Mary's University",13,"Maryland","MD",50200,94100,50,11,"Private","4 Year",54425,54425
"Muhlenberg College",17,"Pennsylvania","PA",53400,101900,43,20,"Private","4 Year",64360,64360
"Multnomah University",22,"Oregon","OR",40500,76400,82,0,"Private","4 Year",34770,34770
"Murray State University",12,"Kentucky","KY",44800,79900,56,9,"Public","4 Year",18274,33730
"Nazarene Bible College",19,"Colorado","CO",33600,60100,NA,0,"Private","4 Year",14700,14700
"Nebraska Wesleyan University",12,"Nebraska","NE",45700,80500,60,8,"Private","4 Year",43824,43824
"New College of Florida",20,"Florida","FL",47300,86500,40,4,"Public","4 Year",16183,39208
"New England College",6,"New-Hampshire","NH",45700,86400,43,24,"Private","4 Year",52136,52136
"New England Institute of Technology",7,"Rhode-Island","RI",51700,93200,44,14,"Private","4 Year",43005,43005
"New Jersey City University",24,"New-Jersey","NJ",48700,87600,55,9,"Public","4 Year",24789,34311
"New Jersey Institute of Technology",3,"New-Jersey","NJ",64600,121300,51,75,"Public","4 Year",30938,46350
"New Mexico Highlands University",6,"New-Mexico","NM",40400,73800,63,4,"Public","4 Year",14022,18174
"New Mexico Institute of Mining and Technology",1,"New-Mexico","NM",64700,120400,61,91,"Public","4 Year",16280,30778
"New Orleans Baptist Theological Seminary",23,"Louisiana","LA",33900,61500,NA,0,"Private","4 Year",10400,10400
"New York University",13,"New-York","NY",63100,117700,42,18,"Private","4 Year",69984,69984
"Newberry College",19,"South-Carolina","SC",41200,74700,54,14,"Private","4 Year",37090,37090
"Newman University",6,"Kansas","KS",48000,88500,66,11,"Private","4 Year",39050,39050
"Nicholls State University",14,"Louisiana","LA",44500,84300,53,5,"Public","4 Year",17920,19013
"North Carolina Wesleyan College",21,"North-Carolina","NC",45300,78800,62,8,"Private","4 Year",41800,41800
"North Central College",19,"Illinois","IL",50400,92900,45,9,"Private","4 Year",49899,49899
"Northeastern State University",16,"Oklahoma","OK",44500,77600,58,7,"Public","4 Year",14288,22358
"Northeastern University",16,"Massachusetts","MA",62500,109700,46,40,"Private","4 Year",68267,68267
"Northern Arizona University",4,"Arizona","AZ",49600,90000,56,12,"Public","4 Year",21846,36110
"Northern Illinois University",14,"Illinois","IL",53000,95500,47,20,"Public","4 Year",23142,23142
"Northern Kentucky University",6,"Kentucky","KY",49000,87400,46,12,"Public","4 Year",20054,29702
"Northern State University",7,"South-Dakota","SD",42300,77700,56,7,"Public","4 Year",16527,19500
"Northwest Christian University",17,"Oregon","OR",45200,81100,62,5,"Private","4 Year",39350,39350
"Northwest Missouri State University",13,"Missouri","MO",46900,85100,50,26,"Public","4 Year",19821,26473
"Northwest Nazarene University",6,"Idaho","ID",46200,80600,68,7,"Private","4 Year",36700,36700
"Northwest University",16,"Washington","WA",50900,89000,51,3,"Private","4 Year",40170,40170
"Northwestern College",18,"Iowa","IA",44800,82400,42,11,"Private","4 Year",40300,40300
"Northwestern College",18,"Iowa","IL",44800,82400,42,11,"For Profit","2 Year",30887,30887
"Northwestern Oklahoma State University",18,"Oklahoma","OK",42200,76800,55,11,"Public","4 Year",11816,18933
"Northwestern University",2,"Illinois","IL",63400,115400,46,20,"Private","4 Year",71193,71193
"Norwich University",3,"Vermont","VT",57000,99100,51,20,"Private","4 Year",53856,53856
"Notre Dame of Maryland University",23,"Maryland","MD",48300,86400,58,3,"Private","4 Year",48750,48750
"Nova Southeastern University",14,"Florida","FL",50200,89800,60,9,"Private","4 Year",44150,44150
"Oakland University",9,"Michigan","MI",51300,93300,49,19,"Public","4 Year",22706,34330
"Oakwood University",15,"Alabama","AL",43500,78800,71,16,"Private","4 Year",26032,26032
"Oberlin College",13,"Ohio","OH",53100,96800,47,21,"Private","4 Year",71392,71392
"Oglethorpe University",6,"Georgia","GA",52400,91400,50,12,"Private","4 Year",51300,51300
"Ohio Northern University",6,"Ohio","OH",54400,103900,49,22,"Private","4 Year",43910,43910
"Ohio Valley University",16,"West-Virginia","WV",38800,71100,81,1,"Private","4 Year",29880,29880
"Ohio Wesleyan University",9,"Ohio","OH",51300,99200,46,21,"Private","4 Year",58190,58190
"Oklahoma Baptist University",19,"Oklahoma","OK",43900,76600,62,8,"Private","4 Year",35608,35608
"Oklahoma Christian University",7,"Oklahoma","OK",49700,87900,57,41,"Private","4 Year",30950,30950
"Oklahoma City University",7,"Oklahoma","OK",47700,87900,58,9,"Private","4 Year",39922,39922
"Oklahoma Panhandle State University",20,"Oklahoma","OK",42300,74400,54,10,"Public","4 Year",12889,13828
"Oklahoma Wesleyan University",15,"Oklahoma","OK",43300,78700,58,1,"Private","4 Year",35600,35600
"Old Dominion University",14,"Virginia","VA",50200,89900,52,19,"Public","4 Year",22492,41392
"Oral Roberts University",9,"Oklahoma","OK",45900,85100,59,8,"Private","4 Year",37178,37178
"Oregon Health & Science University",1,"Oregon","OR",65400,108300,79,10,"Public","4 Year",19176,33666
"Oregon Institute of Technology",2,"Oregon","OR",61200,106800,60,27,"Public","4 Year",19045,37114
"Oregon State University",5,"Oregon","OR",56200,104800,53,34,"Public","4 Year",24021,42996
"Ouachita Baptist University",8,"Arkansas","AR",44100,80200,58,18,"Private","4 Year",34670,34670
"Pacific Lutheran University",10,"Washington","WA",54500,98100,53,20,"Private","4 Year",52856,52856
"Pacific Northwest College of Art",15,"Oregon","OR",46300,85000,NA,0,"Private","4 Year",51110,51110
"Pacific University",8,"Oregon","OR",50200,94000,66,8,"Private","4 Year",56826,56826
"Park University",14,"Missouri","MO",48500,85000,56,7,"Private","4 Year",20850,20850
"Peru State College",17,"Nebraska","NE",42600,74800,50,6,"Public","4 Year",15462,15492
"Pfeiffer University",23,"North-Carolina","NC",44200,78000,51,4,"Private","4 Year",41460,41460
"Philander Smith College",19,"Arkansas","AR",34600,61200,NA,26,"Private","4 Year",20664,20664
"Pittsburg State University",8,"Kansas","KS",47100,84900,51,8,"Public","4 Year",15076,26420
"Plymouth State University",12,"New-Hampshire","NH",47000,82200,50,6,"Public","4 Year",25199,33869
"Pomona College",13,"California","CA",63800,117200,47,37,"Private","4 Year",69496,69496
"Portland State University",12,"Oregon","OR",50800,90500,48,16,"Public","4 Year",19533,37488
"Prairie View A&M University",17,"Texas","TX",57800,99400,65,22,"Public","4 Year",19458,33768
"Presbyterian College",6,"South-Carolina","SC",48800,89900,57,14,"Private","4 Year",49140,49140
"Prescott College",7,"Arizona","AZ",41200,73500,69,0,"Private","4 Year",39185,39185
"Princeton University",2,"New-Jersey","NJ",75200,139400,48,48,"Private","4 Year",65620,65620
"Principia College",17,"Illinois","IL",52600,94900,56,19,"Private","4 Year",41080,41080
"Providence College",3,"Rhode-Island","RI",58900,106900,44,11,"Private","4 Year",65090,65090
"Queens University of Charlotte",9,"North-Carolina","NC",49400,86600,48,9,"Private","4 Year",45544,45544
"Quinnipiac University",10,"Connecticut","CT",55900,97700,46,10,"Private","4 Year",62500,62500
"Radford University",22,"Virginia","VA",48900,82900,53,10,"Public","4 Year",20616,32251
"Ramapo College of New Jersey",15,"New-Jersey","NJ",51600,95200,41,12,"Public","4 Year",26824,36165
"Randolph College",19,"Virginia","VA",47000,86100,50,23,"Private","4 Year",53165,53165
"Reed College",3,"Oregon","OR",56100,104900,44,26,"Private","4 Year",70550,70550
"Regis University",8,"Colorado","CO",55500,94800,58,13,"Private","4 Year",48370,48370
"Rensselaer Polytechnic Institute",6,"New-York","NY",71300,134100,49,78,"Private","4 Year",69140,69140
"Rhode Island College",9,"Rhode-Island","RI",47200,83500,52,5,"Public","4 Year",20758,33521
"Rhode Island School of Design",4,"Rhode-Island","RI",55500,100600,39,0,"Private","4 Year",64360,64360
"Rhodes College",2,"Tennessee","TN",51900,97800,46,25,"Private","4 Year",59293,59293
"Rice University",1,"Texas","TX",71000,129500,50,45,"Private","4 Year",61350,61350
"Rider University",8,"New-Jersey","NJ",51600,99000,47,5,"Private","4 Year",56010,56010
"Ripon College",10,"Wisconsin","WI",46300,89600,60,26,"Private","4 Year",52208,52208
"Rivier University",8,"New-Hampshire","NH",49500,85100,58,41,"Private","4 Year",44316,44316
"Roanoke College",20,"Virginia","VA",48500,85100,53,18,"Private","4 Year",57720,57720
"Rockhurst University",7,"Missouri","MO",54000,92500,59,11,"Private","4 Year",47790,47790
"Rocky Mountain College",5,"Montana","MT",46000,82900,59,12,"Private","4 Year",36842,36842
"Roger Williams University",8,"Rhode-Island","RI",52900,92700,48,12,"Private","4 Year",50412,50412
"Rogers State University",22,"Oklahoma","OK",41400,73800,48,11,"Public","4 Year",15486,23826
"Rollins College",18,"Florida","FL",49000,87000,53,7,"Private","4 Year",64495,64495
"Rose-Hulman Institute of Technology",1,"Indiana","IN",75000,135800,51,96,"Private","4 Year",64637,64637
"Rowan University",20,"New-Jersey","NJ",51100,91200,43,21,"Public","4 Year",26249,34891
"Rush University",5,"Illinois","IL",63500,107600,88,6,"Private","4 Year",24900,24900
"Rust College",13,"Mississippi","MS",34800,62400,76,32,"Private","4 Year",14200,14200
"Sacred Heart University",9,"Connecticut","CT",55000,100500,46,15,"Private","4 Year",56730,56730
"Saginaw Valley State University",25,"Michigan","MI",46400,82200,54,12,"Public","4 Year",20494,34401
"Saint Anselm College",2,"New-Hampshire","NH",56400,100300,59,11,"Private","4 Year",55700,55700
"Saint Cloud State University",11,"Minnesota","MN",51600,91600,50,15,"Public","4 Year",17812,26046
"Saint Joseph's College of Maine",7,"Maine","ME",46900,84300,60,2,"Private","4 Year",49330,49330
"Saint Joseph's University",14,"Pennsylvania","PA",57300,105100,41,6,"Private","4 Year",59813,59813
"Saint Louis University",4,"Missouri","MO",54200,95300,56,13,"Private","4 Year",56174,56174
"Saint Martin's University",15,"Washington","WA",53200,91800,60,29,"Private","4 Year",48801,48801
"Saint Mary's College",12,"Indiana","IN",49700,89300,54,15,"Private","4 Year",54800,54800
"Saint Mary's College of California",21,"California","CA",59900,110800,51,5,"Private","4 Year",62650,62650
"Saint Michael's College",4,"Vermont","VT",52900,98500,40,18,"Private","4 Year",57595,57595
"Saint Peter's University",12,"New-Jersey","NJ",52900,95900,35,14,"Private","4 Year",52900,52900
"Saint Xavier University",20,"Illinois","IL",49400,91200,60,10,"Private","4 Year",45220,45220
"Salisbury University",19,"Maryland","MD",50400,89800,51,12,"Public","4 Year",21774,31476
"Salve Regina University",6,"Rhode-Island","RI",53000,93900,50,6,"Private","4 Year",55050,55050
"Samford University",5,"Alabama","AL",48400,90500,52,3,"Private","4 Year",42200,42200
"San Jose State University",17,"California","CA",63000,114700,53,28,"Public","4 Year",24238,33742
"Santa Clara University",6,"California","CA",69900,134700,44,29,"Private","4 Year",66621,66621
"Savannah College of Art and Design",21,"Georgia","GA",46800,80100,34,3,"Private","4 Year",51180,51180
"Seattle Pacific University",6,"Washington","WA",53600,103400,52,9,"Private","4 Year",54735,54735
"Seattle University",1,"Washington","WA",60600,113700,59,12,"Private","4 Year",56898,56898
"Seton Hall University",5,"New-Jersey","NJ",57100,103800,45,8,"Private","4 Year",58270,58270
"Shenandoah University",18,"Virginia","VA",48700,86600,57,7,"Private","4 Year",42900,42900
"Shepherd University",4,"West-Virginia","WV",47100,87100,48,12,"Public","4 Year",18048,28548
"Shorter University",22,"Georgia","GA",45600,79900,55,6,"Private","4 Year",31770,31770
"Sierra Nevada College",1,"Nevada","NV",54000,95500,39,2,"Private","4 Year",47598,47598
"Simpson College",11,"Iowa","IA",49900,88600,47,17,"Private","4 Year",47524,47524
"Smith College",24,"Massachusetts","MA",52700,98200,51,26,"Private","4 Year",69924,69924
"South Carolina State University",10,"South-Carolina","SC",44500,80800,71,16,"Public","4 Year",20950,31640
"South Dakota School of Mines and Technology",1,"South-Dakota","SD",66500,118500,58,92,"Public","4 Year",18219,22461
"South Dakota State University",2,"South-Dakota","SD",50500,91900,58,18,"Public","4 Year",16660,20024
"Southeast Missouri State University",20,"Missouri","MO",43700,79100,52,9,"Public","4 Year",16353,22090
"Southeastern Louisiana University",15,"Louisiana","LA",46700,83900,51,8,"Public","4 Year",16585,29063
"Southeastern Oklahoma State University",14,"Oklahoma","OK",45000,80500,53,15,"Public","4 Year",13720,22360
"Southern Adventist University",10,"Tennessee","TN",47500,84000,67,9,"Private","4 Year",28890,28890
"Southern Connecticut State University",20,"Connecticut","CT",48500,83600,51,6,"Public","4 Year",23735,34975
"Southern Methodist University",5,"Texas","TX",59700,110400,46,22,"Private","4 Year",71338,71338
"Southern Nazarene University",13,"Oklahoma","OK",46100,81000,62,5,"Private","4 Year",33684,33684
"Southern New Hampshire University",11,"New-Hampshire","NH",47400,83400,49,8,"Private","4 Year",44256,44256
"Southern Oregon University",16,"Oregon","OR",46000,81200,54,6,"Public","4 Year",22853,38783
"Southern University at New Orleans",22,"Louisiana","LA",40100,71000,76,13,"Public","4 Year",18411,20200
"Southern Utah University",8,"Utah","UT",46400,84400,65,7,"Public","4 Year",13859,27675
"Southern Vermont College",9,"Vermont","VT",42900,78700,63,17,"Private","4 Year",36511,36511
"Southern Wesleyan University",20,"South-Carolina","SC",42900,74600,52,5,"Private","4 Year",34506,34506
"Southwestern Oklahoma State University",6,"Oklahoma","OK",47900,90800,58,5,"Public","4 Year",12865,19765
"Southwestern University",25,"Texas","TX",51800,93500,51,19,"Private","4 Year",54000,54000
"Spalding University",13,"Kentucky","KY",44800,79200,71,0,"Private","4 Year",32100,32100
"Spelman College",10,"Georgia","GA",50200,85400,52,24,"Private","4 Year",43179,43179
"Spring Hill College",6,"Alabama","AL",46600,89100,53,12,"Private","4 Year",52926,52926
"St. John's College",7,"Maryland","IL",55900,101200,NA,0,"Private","4 Year",23695,23695
"St. John's College",7,"Maryland","MD",55900,101200,NA,0,"Private","4 Year",65820,65820
"St. John's College",7,"Maryland","NM",55900,101200,NA,0,"Private","4 Year",66266,66266
"St. Mary's University",22,"Texas","TX",52900,95300,61,17,"Private","4 Year",40920,40920
"Stanford University",4,"California","CA",79000,145200,56,51,"Private","4 Year",67117,67117
"Stephens College",24,"Missouri","MO",42800,77200,47,6,"Private","4 Year",41582,41582
"Sterling College",17,"Kansas","VT",42700,79100,73,7,"Private","4 Year",48700,48700
"Sterling College",17,"Kansas","KS",42700,79100,73,7,"Private","4 Year",34280,34280
"Stetson University",21,"Florida","FL",47000,86000,44,7,"Private","4 Year",59082,59082
"Stevens Institute of Technology",1,"New-Jersey","NJ",75100,139900,47,79,"Private","4 Year",67446,67446
"Stevenson University",15,"Maryland","MD",50400,91600,51,15,"Private","4 Year",49312,49312
"Stockton University",25,"New-Jersey","NJ",47400,85800,49,16,"Public","4 Year",26021,33148
"Stonehill College",19,"Massachusetts","MA",55900,103200,42,18,"Private","4 Year",58746,58746
"SUNY Downstate Medical Center",21,"New-York","NY",64000,109300,83,0,"Public","4 Year",7481,16931
"SUNY Maritime College",4,"New-York","NY",74900,140700,53,32,"Public","4 Year",20805,30585
"Swarthmore College",4,"Pennsylvania","PA",67500,123200,44,45,"Private","4 Year",68062,68062
"Tabor College",20,"Kansas","KS",43300,77500,62,7,"Private","4 Year",38095,38095
"Taylor University",10,"Indiana","IN",48700,90600,59,16,"Private","4 Year",43728,43728
"Tennessee State University",19,"Tennessee","TN",47200,78400,68,14,"Public","4 Year",15814,29170
"Tennessee Technological University",6,"Tennessee","TN",53100,95100,48,28,"Public","4 Year",18839,35495
"Texas A&M University-Kingsville",20,"Texas","TX",53100,97500,63,53,"Public","4 Year",17222,29672
"Texas Christian University",19,"Texas","TX",56000,98700,51,9,"Private","4 Year",59754,59754
"Texas Tech University",7,"Texas","TX",56800,106500,54,22,"Public","4 Year",20575,33025
"Texas Tech University Health Sciences Center",8,"Texas","TX",61300,104900,86,3,"Public","4 Year",7911,20361
"The College of New Jersey",6,"New-Jersey","NJ",58200,101800,44,16,"Public","4 Year",30168,41883
"The King's University",2,"Texas","TX",63800,116500,33,0,"Private","4 Year",15000,15000
"Thomas College",8,"Maine","ME",46100,81500,49,3,"Private","4 Year",38150,38150
"Thomas Edison State University",13,"New-Jersey","NJ",52500,95600,54,0,"Public","4 Year",7519,9967
"Thomas More College",2,"Kentucky","KY",50000,90900,56,8,"Private","4 Year",39070,39070
"Thomas More College of Liberal Arts",5,"New-Hampshire","NH",48900,88300,NA,0,"Private","4 Year",31300,31300
"Tougaloo College",12,"Mississippi","MS",36900,66400,69,18,"Private","4 Year",17433,17433
"Towson University",16,"Maryland","MD",51200,91200,47,15,"Public","4 Year",22974,36242
"Transylvania University",7,"Kentucky","KY",47900,85600,51,25,"Private","4 Year",49210,49210
"Trevecca Nazarene University",14,"Tennessee","TN",45300,81700,65,5,"Private","4 Year",33998,33998
"Trine University",6,"Indiana","IN",55100,100300,56,26,"Private","4 Year",42985,42985
"Trinity College",5,"Connecticut","CT",60100,110900,49,22,"Private","4 Year",71660,71660
"Trinity University",11,"Texas","TX",54900,102900,46,27,"Private","4 Year",56440,56440
"Troy University",11,"Alabama","AL",44500,81500,60,8,"Public","4 Year",20645,31060
"Truman State University",12,"Missouri","MO",47900,85800,48,16,"Public","4 Year",16509,23361
"Tufts University",7,"Massachusetts","MA",65200,118100,49,25,"Private","4 Year",70942,70942
"Tuskegee University",4,"Alabama","AL",54500,93500,61,30,"Private","4 Year",31820,31820
"Union University",12,"Tennessee","TN",46400,83000,59,6,"Private","4 Year",43090,43090
"Unity College",15,"Maine","ME",38200,69500,NA,23,"Private","4 Year",39870,39870
"University of Alabama at Birmingham",8,"Alabama","AL",48600,87200,57,17,"Public","4 Year",17110,31030
"University of Alabama in Huntsville",2,"Alabama","AL",57500,103900,59,45,"Public","4 Year",20808,32456
"University of Alaska Anchorage",2,"Alaska","AK",56000,101000,57,10,"Public","4 Year",19888,36058
"University of Alaska Fairbanks",1,"Alaska","AK",59100,101800,54,20,"Public","4 Year",17017,33187
"University of Arizona",2,"Arizona","AZ",56100,101000,51,23,"Public","4 Year",25037,48936
"University of Arkansas",1,"Arkansas","AR",52500,98000,49,18,"Public","4 Year",20150,36188
"University of Arkansas at Little Rock",7,"Arkansas","AR",45600,80800,55,13,"Public","4 Year",17896,30136
"University of Arkansas at Monticello",12,"Arkansas","AR",43500,78300,61,2,"Public","4 Year",14520,20370
"University of Arkansas at Pine Bluff",17,"Arkansas","AR",40500,70500,67,22,"Public","4 Year",15723,21975
"University of Arkansas for Medical Sciences",3,"Arkansas","AR",51700,89100,84,3,"Public","4 Year",8197,15973
"University of Baltimore",20,"Maryland","MD",51000,89600,56,2,"Public","4 Year",8958,21076
"University of Bridgeport",13,"Connecticut","CT",49900,93600,59,31,"Private","4 Year",46710,46710
"University of Central Arkansas",10,"Arkansas","AR",44900,79800,52,8,"Public","4 Year",15605,22128
"University of Central Florida",16,"Florida","FL",49700,88600,50,16,"Public","4 Year",15985,32084
"University of Central Missouri",16,"Missouri","MO",46900,83300,54,45,"Public","4 Year",16439,23208
"University of Central Oklahoma",10,"Oklahoma","OK",45300,82900,56,8,"Public","4 Year",15458,26346
"University of Charleston",8,"West-Virginia","WV",44600,81900,51,4,"Private","4 Year",40080,40080
"University of Chicago",4,"Illinois","IL",64000,114200,41,22,"Private","4 Year",74580,74580
"University of Colorado Boulder",3,"Colorado","CO",57800,109900,48,39,"Public","4 Year",26950,51704
"University of Colorado Colorado Springs",9,"Colorado","CO",52200,90900,53,21,"Public","4 Year",20963,35393
"University of Connecticut",6,"Connecticut","CT",59100,105200,48,24,"Public","4 Year",28604,50972
"University of Dallas",21,"Texas","TX",53000,96400,49,16,"Private","4 Year",53052,53052
"University of Dayton",4,"Ohio","OH",57400,105000,44,33,"Private","4 Year",56480,56480
"University of Delaware",1,"Delaware","DE",58600,105400,43,22,"Public","4 Year",26542,47172
"University of Denver",4,"Colorado","CO",55700,105100,48,12,"Private","4 Year",63561,63561
"University of Detroit Mercy",10,"Michigan","MI",51800,92800,57,13,"Private","4 Year",37496,37496
"University of Dubuque",21,"Iowa","IA",44200,79700,48,7,"Private","4 Year",44040,44040
"University of Evansville",11,"Indiana","IN",50300,89900,54,17,"Private","4 Year",48876,48876
"University of Florida",4,"Florida","FL",55800,102800,52,29,"Public","4 Year",16501,38778
"University of Georgia",3,"Georgia","GA",54400,100700,45,14,"Public","4 Year",21868,40442
"University of Hartford",7,"Connecticut","CT",55200,101600,53,15,"Private","4 Year",53170,53170
"University of Hawaii at Hilo",5,"Hawaii","HI",44000,77200,59,14,"Public","4 Year",19126,32086
"University of Hawaii at Manoa",3,"Hawaii","HI",51600,91600,56,18,"Public","4 Year",25659,47691
"University of Holy Cross",13,"Louisiana","LA",48400,86300,69,3,"Private","4 Year",17300,17300
"University of Houston",9,"Texas","TX",56000,103900,50,24,"Public","4 Year",22776,38226
"University of Houston-Clear Lake",23,"Texas","TX",50700,94800,48,29,"Public","4 Year",8500,24731
"University of Idaho",1,"Idaho","ID",52300,97700,54,22,"Public","4 Year",16744,34380
"University of Illinois at Chicago",7,"Illinois","IL",56300,103800,48,31,"Public","4 Year",25838,39054
"University of Illinois at Urbana-Champaign",3,"Illinois","IL",62600,115300,44,36,"Public","4 Year",26402,42972
"University of Indianapolis",21,"Indiana","IN",47300,84500,55,5,"Private","4 Year",39976,39976
"University of Iowa",3,"Iowa","IA",54100,99400,48,16,"Public","4 Year",20439,42405
"University of Jamestown",3,"North-Dakota","ND",47600,85400,64,11,"Private","4 Year",29546,29546
"University of Kansas",1,"Kansas","KS",53000,98600,52,16,"Public","4 Year",21498,37708
"University of Kentucky",1,"Kentucky","KY",51700,96400,48,19,"Public","4 Year",25227,42081
"University of Louisiana at Lafayette",5,"Louisiana","LA",48200,92500,52,19,"Public","4 Year",19132,32860
"University of Louisiana at Monroe",5,"Louisiana","LA",48500,92500,65,7,"Public","4 Year",16584,28684
"University of Louisville",5,"Kentucky","KY",49500,87600,50,18,"Public","4 Year",20882,36504
"University of Maine",5,"Maine","ME",52000,95000,50,24,"Public","4 Year",21588,41388
"University of Maine at Augusta",12,"Maine","ME",41600,73100,61,7,"Public","4 Year",7988,17918
"University of Maine at Farmington",13,"Maine","ME",41100,71700,64,5,"Public","4 Year",19392,29504
"University of Maine at Fort Kent",11,"Maine","ME",43500,76300,73,5,"Public","4 Year",16335,20535
"University of Maine at Machias",16,"Maine","ME",37100,66200,47,13,"Public","4 Year",16326,23586
"University of Maine at Presque Isle",14,"Maine","ME",39000,70700,58,6,"Public","4 Year",16441,20641
"University of Mary",6,"North-Dakota","ND",46400,79100,64,3,"Private","4 Year",25610,25610
"University of Mary Washington",10,"Virginia","VA",54200,98200,49,17,"Public","4 Year",23306,38552
"University of Memphis",8,"Tennessee","TN",47200,85800,55,12,"Public","4 Year",19676,31388
"University of Miami",6,"Florida","FL",56200,99600,48,22,"Private","4 Year",64334,64334
"University of Mississippi",2,"Mississippi","MS",48500,89100,55,12,"Public","4 Year",19356,35310
"University of Mobile",19,"Alabama","AL",40600,74100,77,7,"Private","4 Year",32420,32420
"University of Montevallo",22,"Alabama","AL",38900,70700,49,7,"Public","4 Year",22090,35110
"University of Mount Union",22,"Ohio","OH",48300,88500,41,19,"Private","4 Year",41460,41460
"University of Nebraska Medical Center",3,"Nebraska","NE",53400,93000,79,6,"Public","4 Year",11558,28898
"University of New England",6,"Maine","ME",50100,91500,69,7,"Private","4 Year",51610,51610
"University of New Hampshire at Manchester",4,"New-Hampshire","NH",51900,90900,50,32,"Public","4 Year",15265,30635
"University of New Haven",11,"Connecticut","CT",52100,94800,52,25,"Private","4 Year",55170,55170
"University of New Orleans",7,"Louisiana","LA",49900,91600,55,23,"Public","4 Year",19629,24465
"University of North Alabama",18,"Alabama","AL",43000,75600,61,6,"Public","4 Year",19570,27880
"University of North Carolina at Chapel Hill",5,"North-Carolina","NC",55000,100800,49,19,"Public","4 Year",20177,46360
"University of North Carolina at Charlotte",8,"North-Carolina","NC",52500,92600,49,25,"Public","4 Year",18144,31578
"University of North Carolina School of the Arts",16,"North-Carolina","NC",46400,82400,44,0,"Public","4 Year",18379,34522
"University of North Dakota",2,"North-Dakota","ND",53800,96000,54,16,"Public","4 Year",17669,29733
"University of North Florida",19,"Florida","FL",48800,86600,51,11,"Public","4 Year",16370,30088
"University of North Georgia",9,"Georgia","GA",47300,85600,51,8,"Public","4 Year",15212,29024
"University of Northern Colorado",12,"Colorado","CO",47700,87100,52,7,"Public","4 Year",20990,32678
"University of Northern Iowa",15,"Iowa","IA",47100,85300,46,8,"Public","4 Year",17886,28428
"University of Notre Dame",2,"Indiana","IN",67000,130500,45,28,"Private","4 Year",68801,68801
"University of Oregon",7,"Oregon","OR",51800,95800,46,13,"Public","4 Year",24861,48441
"University of Pennsylvania",3,"Pennsylvania","PA",72800,133900,41,21,"Private","4 Year",71200,71200
"University of Pikeville",21,"Kentucky","KY",39000,70700,74,11,"Private","4 Year",28750,28750
"University of Portland",3,"Oregon","OR",58500,104900,52,28,"Private","4 Year",59354,59354
"University of Puget Sound",8,"Washington","WA",54200,101300,45,21,"Private","4 Year",62316,62316
"University of Rhode Island",5,"Rhode-Island","RI",54500,99700,50,18,"Public","4 Year",27088,43812
"University of Richmond",7,"Virginia","VA",59800,107500,48,13,"Private","4 Year",64860,64860
"University of Rochester",16,"New-York","NY",61100,112700,50,32,"Private","4 Year",69864,69864
"University of Saint Joseph",14,"Connecticut","CT",49900,88800,63,9,"Private","4 Year",50601,50601
"University of San Diego",25,"California","CA",58900,109400,48,12,"Private","4 Year",62338,62338
"University of San Francisco",23,"California","CA",60600,109900,52,6,"Private","4 Year",62896,62896
"University of Science and Arts of Oklahoma",23,"Oklahoma","OK",37300,67400,49,11,"Public","4 Year",13565,23915
"University of Scranton",23,"Pennsylvania","PA",56400,99700,42,12,"Private","4 Year",59714,59714
"University of Sioux Falls",6,"South-Dakota","SD",44400,78200,64,6,"Private","4 Year",25630,25630
"University of South Alabama",9,"Alabama","AL",47700,86400,56,17,"Public","4 Year",17490,27360
"University of South Dakota",4,"South-Dakota","SD",47500,87900,56,8,"Public","4 Year",17277,20641
"University of Southern California",11,"California","CA",64500,120600,47,23,"Private","4 Year",71620,71620
"University of Southern Maine",9,"Maine","ME",46900,81300,55,8,"Public","4 Year",18970,32230
"University of Southern Mississippi",4,"Mississippi","MS",45100,83900,56,11,"Public","4 Year",18591,20591
"University of the Cumberlands",17,"Kentucky","KY",39800,73800,63,8,"Private","4 Year",32000,32000
"University of the Ozarks",14,"Arkansas","AR",42300,74500,58,16,"Private","4 Year",31630,31630
"University of the Sciences",8,"Pennsylvania","PA",60700,115200,72,12,"Private","4 Year",40938,40938
"University of Toledo",18,"Ohio","OH",51800,92500,52,21,"Public","4 Year",21229,30567
"University of Tulsa",1,"Oklahoma","OK",58700,107200,51,36,"Private","4 Year",52625,52625
"University of Utah",2,"Utah","UT",54800,102600,57,22,"Public","4 Year",19484,39477
"University of Vermont",2,"Vermont","VT",53200,99400,50,22,"Public","4 Year",30738,54978
"University of West Alabama",17,"Alabama","AL",42700,76100,61,4,"Public","4 Year",18156,26606
"University of West Georgia",15,"Georgia","GA",46700,82700,51,9,"Public","4 Year",18210,31692
"University of Wisconsin-Eau Claire",7,"Wisconsin","WI",52100,93600,46,14,"Public","4 Year",16633,24909
"University of Wisconsin-La Crosse",14,"Wisconsin","WI",49600,88300,53,19,"Public","4 Year",15437,24255
"University of Wisconsin-Madison",3,"Wisconsin","WI",57300,104400,48,33,"Public","4 Year",21669,47919
"University of Wisconsin-Milwaukee",9,"Wisconsin","WI",50600,90300,50,17,"Public","4 Year",21812,33092
"University of Wisconsin-Oshkosh",19,"Wisconsin","WI",47700,84300,52,10,"Public","4 Year",16268,23841
"University of Wisconsin-Parkside",24,"Wisconsin","WI",46000,81400,47,17,"Public","4 Year",15555,23544
"University of Wisconsin-Platteville",4,"Wisconsin","WI",56800,100300,50,38,"Public","4 Year",15151,23001
"University of Wisconsin-River Falls",25,"Wisconsin","WI",47100,81300,52,14,"Public","4 Year",14375,21948
"University of Wisconsin-Stout",11,"Wisconsin","WI",50400,89500,47,14,"Public","4 Year",16381,24347
"University of Wisconsin-Whitewater",12,"Wisconsin","WI",48900,89300,44,8,"Public","4 Year",14478,23051
"University of Wyoming",1,"Wyoming","WY",52400,98800,58,25,"Public","4 Year",15720,27810
"Upper Iowa University",24,"Iowa","IA",44200,78000,56,3,"Private","4 Year",38904,38904
"Ursinus College",18,"Pennsylvania","PA",54400,101800,42,40,"Private","4 Year",64800,64800
"Utah State University",4,"Utah","UT",52400,93900,61,14,"Public","4 Year",13824,27905
"Utah Valley University",7,"Utah","UT",51100,90600,57,12,"Public","4 Year",5726,16296
"Valdosta State University",19,"Georgia","GA",43400,81000,57,7,"Public","4 Year",15586,29068
"Valley City State University",8,"North-Dakota","ND",39900,68600,56,3,"Public","4 Year",14072,23612
"Valparaiso University",8,"Indiana","IN",53300,98000,52,31,"Private","4 Year",52120,52120
"Vanderbilt University",1,"Tennessee","TN",65400,119100,48,23,"Private","4 Year",66050,66050
"Vermont Technical College",5,"Vermont","VT",52400,93900,41,4,"Public","4 Year",25706,38378
"Villanova University",7,"Pennsylvania","PA",65100,119500,41,23,"Private","4 Year",67328,67328
"Virginia Commonwealth University",16,"Virginia","VA",49900,88200,52,18,"Public","4 Year",24918,45566
"Virginia Military Institute",2,"Virginia","VA",65900,120600,68,47,"Public","4 Year",28290,55134
"Virginia Polytechnic Institute and State University",4,"Virginia","VA",62700,114000,48,42,"Public","4 Year",22554,40238
"Virginia State University",24,"Virginia","VA",44900,81800,61,14,"Public","4 Year",20264,30784
"Viterbo University",22,"Wisconsin","WI",46800,81900,62,3,"Private","4 Year",37030,37030
"Wabash College",3,"Indiana","IN",62200,114400,40,34,"Private","4 Year",53500,53500
"Wake Forest University",2,"North-Carolina","NC",60700,114800,44,13,"Private","4 Year",69354,69354
"Walla Walla University",11,"Washington","WA",53700,97800,54,22,"Private","4 Year",32310,32310
"Walsh College of Accountancy and Business Administration",20,"Michigan","MI",49400,85200,42,5,"Private","4 Year",17625,17625
"Wartburg College",12,"Iowa","IA",49300,88000,49,34,"Private","4 Year",51276,51276
"Washburn University",12,"Kansas","KS",47000,83000,54,4,"Public","4 Year",17107,28177
"Washington Adventist University",10,"Maryland","MD",55600,97600,63,9,"Private","4 Year",33270,33270
"Washington and Lee University",1,"Virginia","VA",65900,123200,40,18,"Private","4 Year",66380,66380
"Washington College",14,"Maryland","MD",52800,93500,55,21,"Private","4 Year",59392,59392
"Washington State University",5,"Washington","WA",55900,103700,50,20,"Public","4 Year",22979,37763
"Wayne State College",18,"Nebraska","NE",40600,73400,54,11,"Public","4 Year",14657,19967
"Wayne State University",12,"Michigan","MI",50800,91700,53,21,"Public","4 Year",23774,38668
"Webb Institute",3,"New-York","NY",80800,141800,NA,100,"Private","4 Year",65225,65225
"Weber State University",3,"Utah","UT",53900,94000,60,8,"Public","4 Year",12110,22864
"Webster University",15,"Missouri","MO",46500,83500,50,2,"Private","4 Year",38950,38950
"Wellesley College",18,"Massachusetts","MA",58900,106200,48,34,"Private","4 Year",70200,70200
"Wentworth Institute of Technology",15,"Massachusetts","MA",62700,112700,53,39,"Private","4 Year",48140,48140
"Wesley College",4,"Delaware","DE",45400,77300,50,2,"Private","4 Year",38123,38123
"Wesleyan University",3,"Connecticut","CT",61600,117000,53,21,"Private","4 Year",69974,69974
"West Liberty University",10,"West-Virginia","WV",42500,77000,51,6,"Public","4 Year",17136,25076
"West Virginia State University",12,"West-Virginia","WV",41800,76000,46,8,"Public","4 Year",20059,27964
"West Virginia University",2,"West-Virginia","WV",54400,99900,52,22,"Public","4 Year",19774,35868
"West Virginia University at Parkersburg",18,"West-Virginia","WV",36700,65200,67,3,"Public","2 Year",6330,10920
"West Virginia University Institute of Technology",1,"West-Virginia","WV",57100,103700,56,40,"Public","4 Year",18854,30038
"West Virginia Wesleyan College",5,"West-Virginia","WV",47000,85200,53,21,"Private","4 Year",40496,40496
"Western Carolina University",25,"North-Carolina","NC",44700,77700,58,8,"Public","4 Year",13902,17902
"Western Connecticut State University",15,"Connecticut","CT",51700,88100,50,6,"Public","4 Year",23891,35131
"Western Governors University",6,"Utah","UT",54500,91500,57,9,"Private","4 Year",6670,6670
"Western Kentucky University",8,"Kentucky","KY",45500,83100,49,10,"Public","4 Year",18945,34839
"Western Michigan University",11,"Michigan","MI",50900,92200,47,16,"Public","4 Year",22626,25516
"Western New England University",20,"Massachusetts","MA",56400,103000,44,21,"Private","4 Year",50394,50394
"Western New Mexico University",5,"New-Mexico","NM",41700,76700,75,4,"Public","4 Year",15960,24367
"Western Oregon University",20,"Oregon","OR",44500,79300,50,5,"Public","4 Year",19955,36830
"Western State Colorado University",14,"Colorado","CO",44800,81500,47,19,"Public","4 Year",19749,31221
"Western Washington University",9,"Washington","WA",55000,99300,45,16,"Public","4 Year",19598,35010
"Wheeling Jesuit University",7,"West-Virginia","WV",44800,83400,57,5,"Private","4 Year",39190,39190
"Whitman College",7,"Washington","WA",54600,102600,53,33,"Private","4 Year",64938,64938
"Whitworth University",17,"Washington","WA",49900,88800,52,18,"Private","4 Year",55136,55136
"Wichita State University",7,"Kansas","KS",48700,87300,57,24,"Public","4 Year",19523,28704
"Widener University",21,"Pennsylvania","PA",55700,100100,57,13,"Private","4 Year",60394,60394
"Willamette University",6,"Oregon","OR",52200,97700,49,14,"Private","4 Year",62514,62514
"William Carey University",9,"Mississippi","MS",41100,71800,61,6,"Private","4 Year",19410,19410
"William Jewell College",6,"Missouri","MO",51400,94500,60,12,"Private","4 Year",44330,44330
"William Paterson University of New Jersey",21,"New-Jersey","NJ",50500,90200,44,7,"Public","4 Year",24505,32705
"William Penn University",23,"Iowa","IA",43900,78300,59,7,"Private","4 Year",32552,32552
"Williams College",5,"Massachusetts","MA",67500,127500,47,32,"Private","4 Year",69950,69950
"Wilmington University",5,"Delaware","DE",45100,76600,50,4,"Private","4 Year",11210,11210
"Winona State University",16,"Minnesota","MN",49700,86800,51,10,"Public","4 Year",18435,24358
"Winthrop University",11,"South-Carolina","SC",44300,79700,49,9,"Public","4 Year",24902,39158
"Wisconsin Lutheran College",20,"Wisconsin","WI",46200,82500,45,10,"Private","4 Year",39915,39915
"Wittenberg University",3,"Ohio","OH",52400,105400,61,22,"Private","4 Year",49856,49856
"Wofford College",4,"South-Carolina","SC",51300,96600,51,28,"Private","4 Year",56530,56530
"Worcester Polytechnic Institute",3,"Massachusetts","MA",73600,135500,47,86,"Private","4 Year",65304,65304
"Xavier University",16,"Ohio","OH",51800,94000,46,7,"Private","4 Year",51310,51310
"Xavier University of Louisiana",11,"Louisiana","LA",46700,88200,63,35,"Private","4 Year",33535,33535
"Yale University",1,"Connecticut","CT",70300,138300,53,22,"Private","4 Year",69430,69430
"Yeshiva University",15,"New-York","NY",63500,112800,40,11,"Private","4 Year",55750,55750
